driverId,name,ssn,location,certified,wage-plan
10,Brett Walker,059-14-2161,"USNS Mendez
FPO AE 81708",N,hours
11,David Estes,748-42-6805,"071 Benton Greens Apt. 232
Emilytown, NY 99568",Y,miles
12,Stephanie Ramos,445-78-3785,"USNV Campbell
FPO AA 07342",N,hours
13,Karen Kelly,355-81-4944,"0915 Christine Crossroad Suite 501
East Ryan, NM 76173",N,hours
14,Lisa Hernandez,024-15-7859,"9760 Tanya Greens
North Matthew, NJ 55682",Y,hours
15,Tina Porter,502-48-2173,"30605 Lucas Port
East Sherriview, AZ 35455",Y,miles
16,William Young,633-89-0407,"76909 Donald Village
Wilsontown, GA 56316",N,hours
17,Bruce Lawrence,459-40-8945,"825 Hicks Glens
Jimenezshire, CA 15491",Y,miles
18,Sheri Reed,519-02-3809,"753 Jackson Cliff
South Walter, ME 17629",Y,miles
19,Joel Santiago,110-84-7747,"763 Kemp Crescent Apt. 525
West Cheryl, ND 21576",N,hours
20,Roy Alexander,612-95-5993,"1809 Seth Neck
North Ericburgh, IN 86310",N,hours
21,Paul Thomas,049-86-2839,"492 Jones Bypass
Johnchester, CA 89590",Y,hours
22,Stephanie Bush,519-41-9032,"02847 Bobby Walks Suite 946
Charlesport, SC 27852",N,miles
23,Bobby Alvarez,411-91-8995,"4424 Timothy Villages
North Matthewbury, UT 36056",Y,hours
24,Michael Sanchez,271-98-6939,"77503 Parks Lock
Greeneland, WY 16215",Y,miles
25,Lisa White,251-01-7935,"Unit 6769 Box 8789
DPO AP 59849",Y,hours
26,Angela Long,742-30-8752,"2038 Torres Shores Apt. 887
Kristenberg, ME 45118",Y,miles
27,Shawn Johnson,745-48-4248,"6423 Shari Corners Suite 202
Port Aaronborough, OH 09244",Y,miles
28,Connie Jackson,523-73-2460,"44048 Barbara Creek Apt. 663
Kristamouth, CA 56296",Y,hours
29,Theresa Byrd,343-86-1235,"677 Margaret Lake
Vickietown, AL 44850",N,hours
30,Jordan Bonilla,369-71-3429,"3423 Jimmy Road
Port Jacob, WA 99936",N,miles
31,Lisa Morgan,144-68-1107,"4685 Mendoza Locks
Maciasmouth, NJ 52347",Y,hours
32,Andrew Gilmore,676-27-5888,"86431 Erika Mountain Apt. 440
Roberthaven, NY 20647",N,hours
33,Joshua Walker,140-54-8087,"Unit 7246 Box 7372
DPO AA 46765",N,hours
34,Michael Day,460-82-2757,"352 Jennifer Islands Apt. 335
West Travis, NV 21370",N,hours
35,Brenda White,829-65-5086,"8156 Beltran Haven
Michaelbury, AR 87767",Y,miles
36,David Harvey,880-32-8793,"791 Miller Hill
Lake Williamfort, SC 78618",N,miles
37,Brenda Ward,174-06-1332,"8172 Rebecca Gardens
Miguelchester, AR 11000",Y,hours
38,Kenneth Small,024-84-6585,"4006 Brenda River
West Katherine, ME 54131",Y,hours
39,Donald Murphy,670-17-9621,"526 Hill Walks
Bennetthaven, CO 66228",Y,miles
40,Denise Smith,680-90-1057,"493 Kenneth Underpass Apt. 281
South Taylor, PR 15312",Y,miles
41,Frederick Hull,188-99-8708,"50040 Saunders Meadow
Jonesside, TN 08789",N,hours
42,Denise Mccarthy DDS,402-66-8114,"84011 Morrison Trace Suite 446
Lake Craig, AR 58502",N,miles
43,Mrs. Jennifer Jacobs,040-70-7170,"2860 Nicholas Mountains
Simsmouth, IN 16481",Y,hours
44,Johnathan Norton,731-54-0759,"995 Harris Islands Apt. 232
Margaretberg, TN 98074",Y,hours
45,Alejandra Price,576-71-5843,"1356 Susan Burgs
New Savannahhaven, IL 54965",N,miles
46,Lauren White,718-71-4298,"166 Mclaughlin Cape Suite 913
Kevinhaven, OK 60661",N,miles
47,Mrs. Jacqueline Townsend DVM,381-13-7877,"872 Cook Common
West Donna, MT 64025",N,miles
48,Elijah Morgan,450-81-7286,"248 Peck Manor
Cohenburgh, VI 87646",Y,hours
49,Phyllis Mcdowell,450-97-4251,"93441 Page Summit Suite 527
Mcguireville, WI 15217",Y,hours
50,Jonathan Shaw,034-58-1834,"PSC 1251, Box 8706
APO AP 79001",N,hours
51,Jeffrey Miller,888-63-5089,"917 Pamela Via
Lake Tylerville, PA 16082",N,hours
52,Timothy Thomas,195-97-2204,"85209 Evans Coves
West Gregoryshire, MO 01089",Y,miles
53,Bridget Richardson,549-88-2729,"USNS Fischer
FPO AA 72015",N,miles
54,Roger Jordan,436-10-4761,"8670 Wright Lodge Suite 024
Brownburgh, MI 83745",Y,miles
55,Todd Smith,019-71-4363,"09921 Anita Ports
Port Richardmouth, DE 84428",Y,hours
56,Derrick Henry,314-01-5811,"9354 Katelyn Club Suite 973
Paulafurt, AR 44362",Y,hours
57,Briana Holder,109-59-0882,"41781 Mclaughlin Extensions
South Aaron, IN 45979",Y,hours
58,Julia Herrera,877-42-2636,"USCGC Cummings
FPO AA 72078",N,miles
59,Gary Vasquez,881-93-7139,"13229 Wilson Mountain
South Cindymouth, NV 66826",N,hours
60,Lisa Rose,703-38-9245,"28573 John View Suite 774
Andrewland, ME 88906",Y,hours
61,Kelly Smith,365-55-2214,"191 Jeremy Centers
Markside, MA 61745",Y,miles
62,Patty Johnson,306-02-3440,"840 Shaun Lights
North Michaelshire, NJ 05791",Y,miles
63,Andrea Hopkins,698-54-8823,"23804 Joshua Oval Suite 202
Port Louisview, KY 54918",Y,hours
64,Diana Landry,367-78-3674,"29404 Walter Hollow
Thomasbury, TX 00718",Y,miles
65,Shannon Hoffman,010-77-2074,"69670 Zachary Corner Apt. 678
Martinshire, NH 81844",N,hours
66,Crystal Wilson,157-90-2417,"42754 Dominguez Crossing
Lopezton, AL 75399",N,miles
67,Curtis Shelton,361-49-6305,"8182 Smith Well
West Kimberly, HI 08063",Y,hours
68,Tyler Reed,413-15-9838,"9637 Jimenez Port
Fryeberg, UT 22826",Y,miles
69,Kathryn Calhoun,506-36-7012,"645 Brown Unions Suite 242
Veronicabury, DE 73665",N,hours
70,Ronald King,257-59-8341,"3800 Ross Lights
Robertborough, UT 94949",Y,hours
71,Ashley Ellis,873-17-3917,"6206 Sarah Shore
Kimburgh, MS 98884",Y,miles
72,Susan Klein,290-58-5109,"79685 French Island Apt. 485
South Jasmineside, MI 60680",N,hours
73,Kimberly Thompson,295-29-6303,"4882 Smith Road Apt. 995
Klinetown, AR 47814",Y,miles
74,Kimberly Morrison,579-01-1380,"77298 Adrian Mission
Brianberg, AL 21319",N,hours
75,Melissa Allen,658-40-2195,"USNS Swanson
FPO AP 91373",N,miles
76,Tracey Mcguire,896-61-1554,"23447 West Station Apt. 147
South Katherineburgh, OR 16000",Y,hours
77,Alexander Sanders,283-18-1479,"8343 Christina Ramp
Gonzalezburgh, KY 64830",Y,hours
78,Shannon Cohen,186-68-5561,"55915 Deborah Pass
Port Margaret, IL 61428",Y,hours
79,Hunter Hampton,071-97-6813,"4757 Shane Burg Apt. 203
New Jennifer, VI 63503",Y,hours
80,Steven Ortega,302-08-1658,"013 Eric Prairie
Port Mark, PA 92867",Y,miles
81,Kenneth Clark,125-28-6522,"80592 Butler Circle
Singletonfurt, TX 31996",N,miles
82,Thomas Lewis,125-57-2996,"806 Carter Knoll
Robertchester, RI 00619",Y,miles
83,Rebecca Perez,668-33-9150,"USS Fleming
FPO AE 70960",Y,miles
84,Tracey Shepherd,566-93-1601,"390 Gonzalez Dam
Mitchellchester, NJ 57749",Y,miles
85,Sean Molina,153-98-1039,"12860 Morales Rapids
West Willieshire, ID 18842",Y,miles
86,Robert Mathis,617-71-5165,"748 Kelley Crossing
Tonyastad, MI 41121",N,miles
87,Stephen Price,135-84-5905,"9994 Jimmy Harbors
Stephanieton, AZ 37087",Y,hours
88,Wendy Cruz,521-67-9937,"626 Sabrina Viaduct Apt. 266
Tylerberg, KS 13388",Y,miles
89,Brian Gallegos,193-63-1309,"359 Megan Ports
Sharonport, FL 41804",N,miles
90,Robert Dalton,651-27-3556,"3518 Evans Islands
Jonathanbury, IA 23811",Y,miles
91,Laura Hodges,510-48-7146,"407 Caitlin Lights Suite 715
Benjaminbury, TN 57504",Y,miles
92,Karen Logan,627-90-8435,"PSC 0358, Box 1190
APO AP 01399",Y,hours
93,Alexis Tran,161-55-7505,"Unit 6551 Box 8923
DPO AA 79571",Y,miles
94,Savannah Herrera,190-79-6278,"863 Megan Via Apt. 531
Stephanieside, ME 90575",Y,hours
95,Robin Espinoza,790-05-9126,"384 Craig Plains
Hillmouth, NJ 47701",N,miles
96,Valerie Banks,581-41-6977,"193 Espinoza Greens
South Jasonbury, HI 29323",N,miles
97,Sarah Matthews,733-34-3108,"PSC 8533, Box 2893
APO AE 71243",Y,hours
98,Amanda Marquez,534-46-0879,"590 James Glen
Codyhaven, NM 26488",N,hours
99,Jasmine Flores,300-78-4641,"57383 Collins Track
Port Kaylafort, NC 97674",N,miles
100,Angela Hicks,033-65-2646,"28807 Butler Ford
West Amystad, MO 77080",Y,hours
101,Daniel Burns,025-27-6801,"460 Williams Isle
Port Lisa, NJ 31942",N,hours
102,Ryan Long,781-41-1665,"03903 Nicole Expressway
West Bradley, AL 74241",N,miles
103,Anna Williams,655-16-9922,"65900 Lewis Circle Apt. 337
North Nicole, WI 27905",Y,miles
104,Caitlin James,218-44-7708,"05579 Christopher Lakes
Port Kennethbury, OK 78105",Y,miles
105,Terry Johns,292-79-0857,"3707 Evan Pike
Port Michelle, OK 56020",N,miles
106,Connor Barnes,039-10-4944,"9813 Richmond Alley
West Erica, UT 96460",N,miles
107,Dawn White,726-95-5524,"90998 Haas Views
Jillton, FL 42985",Y,hours
108,Gabriel Johnson,576-01-4750,"63841 Kathryn Junction Apt. 124
Port Eugene, MP 69381",Y,miles
109,Zachary Thomas,165-26-8429,"310 Elliott Haven
West Robertborough, AZ 67452",Y,miles
110,Daniel Adams,236-99-9933,"73208 John Isle Suite 454
New Charlotte, NH 61327",Y,hours
111,Jeremy Wong,689-14-0033,"2361 Nicole Flat Apt. 461
East Thomas, MD 46373",N,miles
112,Kristi Owens,357-33-6394,"81578 Miller Village Apt. 739
Lake Laurenmouth, UT 07941",Y,miles
113,Natalie Martin,298-25-2436,"653 Autumn Ways
West Mollychester, NM 68186",Y,miles
114,Lauren Robinson,833-65-4587,"PSC 2525, Box 4742
APO AA 35023",N,miles
115,Ashlee Jackson,769-74-1306,"6952 Weaver Haven Apt. 284
Mariaborough, CT 11240",Y,miles
116,Tonya Bailey,616-55-9295,"48551 Ryan Cove
Williamville, ND 22803",Y,miles
117,Nicholas Weaver,704-86-9856,"274 James Knoll
Shafferfurt, TN 68034",Y,hours
118,Sarah Hawkins,732-39-9916,"1513 Cynthia Divide
New Aprilmouth, MO 51220",N,miles
119,Jacob Green,815-46-1207,"Unit 0201 Box 6063
DPO AE 83589",N,hours
120,Sarah Bradley,793-36-0436,"2147 Grant Spring Suite 057
Lake Amanda, IA 61874",N,hours
121,Jacqueline Escobar,649-86-2082,"19900 Huber Views Suite 320
Jacksonside, MS 69352",N,miles
122,Helen Herrera,102-26-6049,"6393 Woods Well
Woodville, NY 67964",Y,hours
123,Lisa Owens,093-14-2261,"11281 Ronald Creek
North Samantha, NH 43857",N,miles
124,Bonnie Ballard,800-56-2765,"4137 Johnson Spring
Lake Shanefort, CT 96806",Y,miles
125,Ryan Foster,346-51-5710,"0799 Angela Isle Suite 841
Carlosville, AK 93874",Y,hours
126,Summer Browning,419-71-9197,"97227 Davis Fields
Beckyhaven, OH 47839",Y,hours
127,James Wilkinson,548-88-1729,"89864 James Skyway
Smithborough, ND 59675",Y,hours
128,Matthew Berg,387-99-7999,"74684 Marsh Parkway Apt. 205
Martinstad, KY 69940",Y,hours
129,Jenny Austin,270-48-5378,"PSC 6656, Box 9289
APO AP 34930",Y,miles
130,Luke Hughes,368-63-4731,"29257 Brian Station Apt. 593
East Steven, MD 46546",N,miles
131,Randy Oliver,452-80-6211,"8515 Cynthia Island
Lake Wendyshire, UT 46093",N,hours
132,Brittney Brown,075-97-2273,"6540 Meyer Via Suite 529
New Gary, AR 62081",Y,miles
133,Jesse Huang,653-29-8950,"15542 Davis Plaza Suite 183
North Charles, AL 70475",N,hours
134,Martin Rich,640-93-9440,"31705 Rodriguez Stravenue Suite 917
Millerhaven, PW 17294",N,hours
135,Michael Saunders,280-16-6414,"797 Cameron Street Suite 372
South Joseph, RI 70035",Y,hours
136,Kathy Navarro,059-53-3914,"6407 Martinez Skyway Suite 108
Contrerasmouth, AK 21909",N,miles
137,Michael Kelley,514-49-3213,"331 Brent Valley
Jasonville, AZ 01415",N,hours
138,Rachel Sawyer,483-47-2511,"6867 Cooper Street
Kellystad, NV 27296",Y,miles
139,Martin Proctor,058-41-9335,"95694 Welch Fords
Delacruzport, TX 10895",N,miles
140,Cory Parker,210-73-8878,"862 Foster Trail
Chungton, WI 56621",N,hours
141,Kimberly Martinez,329-94-4777,"374 Flores Lodge
East Natalie, RI 61126",N,hours
142,Kristin Cobb,020-76-6020,"3005 Eric Forest
Tammyville, GU 93101",N,miles
143,Benjamin Carroll,087-03-3069,"8122 Ann Plaza
Lake Feliciastad, MI 68484",N,miles
144,Todd Butler,613-69-3029,"073 Wilkerson Locks Apt. 092
West Julie, CO 81094",N,hours
145,Teresa Brown,143-11-2279,"58220 John Center
New Connie, CT 80991",Y,miles
146,Christopher Nelson,190-30-8789,"483 Rich Knoll
East Louistown, AS 93750",Y,miles
147,Michael Rodgers,548-28-4730,"251 Mcpherson Cliff
Kelleyland, AR 40273",N,miles
148,Michael Jones,161-50-4756,"0551 Love Heights Apt. 391
Pittmanstad, IN 09923",N,miles
149,James Morris,803-35-2635,"83941 Rhodes Glens Suite 553
South Angela, FL 34027",Y,miles
150,Troy Stewart,592-97-1643,"1723 Gardner Locks Suite 549
Michaelside, AZ 71575",Y,hours
151,Laurie Craig,577-69-7093,"8317 Nicholas Road
Michaelburgh, WA 44472",Y,hours
152,James Martinez,099-33-3553,"3930 Joseph Rest
Fitzgeraldchester, GU 73586",Y,miles
153,Jeremy Miller,485-12-4830,"3415 Katrina Passage Suite 974
North Ricky, IA 80712",N,hours
154,Michael Ford,819-87-6942,"494 Ramirez Trail
Justinview, GA 63155",N,miles
155,Daniel Kelly,707-40-3773,"813 Mia Trail Apt. 844
Christopherland, ID 45461",Y,hours
156,Maria Silva,177-24-5199,"79834 Benjamin Cove Suite 427
West Leslieshire, ID 88259",Y,miles
157,Walter Cowan,752-49-6192,"35929 Vargas Row Suite 850
Port Karen, OH 79638",N,hours
158,Glenda Park,250-42-6370,"8949 Michael Flats
Lake Candace, CO 83382",N,miles
159,Vanessa Greer,326-26-8386,"454 Simpson Circles Suite 955
South Sethland, MO 02948",N,miles
160,William Farmer,658-65-6170,"USS Carpenter
FPO AP 04396",N,miles
161,William Cox,120-50-2970,"32213 Johnston Track Apt. 416
Stevensonport, RI 21089",Y,miles
162,Rebecca Fry,127-58-9337,"0853 Clinton Points
Katrinachester, IL 86527",Y,hours
163,Melissa White,838-08-3457,"81245 Samuel Trafficway
West Eddiebury, OH 10973",N,miles
164,Jared Humphrey,498-12-9111,"63046 Velazquez Village Suite 332
Samanthafurt, PW 19831",N,hours
165,Christopher Gonzalez,797-99-2531,"2342 Daniel Inlet Apt. 519
Harrisonborough, VA 23294",Y,hours
166,Alexandria Washington,187-83-8111,"Unit 4626 Box 0016
DPO AP 75301",Y,hours
167,Candace Walter,629-72-7472,"2681 Michael Locks
Powerstown, DC 59071",N,hours
168,Debbie Williams,595-25-6409,"979 Daniel Mission Suite 031
Walkermouth, IL 73358",N,miles
169,Rebecca Martinez,492-78-0705,"49512 Dudley Meadows
North Nicholaschester, MH 85197",N,miles
170,Chloe Compton,594-69-3625,"845 Matthew Camp Suite 349
Coltonville, ME 74902",N,hours
171,David Oconnell,450-85-7182,"86444 George Divide
Andrebury, UT 88900",N,hours
172,Devin Jackson,160-90-1494,"688 Haney Landing
South Caitlyn, KY 72405",Y,miles
173,Roger Wilson,443-99-6341,"USCGC Williams
FPO AE 22797",N,hours
174,Jennifer Shannon,511-88-9831,"721 William Mountain Suite 037
East Jenniferhaven, SC 32712",Y,hours
175,Marissa Robertson,544-30-9244,"66221 Travis Glens Apt. 663
West Kenneth, FM 06599",N,miles
176,Edwin Small,383-22-8398,"PSC 7384, Box 2640
APO AE 35741",N,hours
177,Alexander Harris,483-65-9264,"6545 Chan Path
Davidshire, FM 42098",Y,hours
178,Sarah Mercado,074-53-3137,"07660 Rebecca Forest
Sarahmouth, TX 75719",Y,miles
179,David Foster,453-20-6600,"9455 Misty Mountains Apt. 909
Vanessastad, IN 29637",Y,miles
180,Lindsey Jackson,101-20-6673,"1546 Hernandez Plains Apt. 920
Joseview, VT 59608",N,hours
181,Kelly Mason,410-37-8853,"3878 Maria Locks
West Oscarchester, CT 08980",Y,hours
182,Riley Harvey,877-77-7552,"250 Mario Stream Suite 220
New Josestad, RI 13070",N,hours
183,Matthew Brown,491-35-1257,"66323 Christina View
Ericfort, OK 59958",Y,miles
184,Joshua Robertson,404-68-5907,"1070 Amanda Springs Apt. 133
South Stacey, CA 71823",Y,miles
185,Kenneth Mitchell,038-45-5738,"1869 Dunn Fields Suite 133
Port Alexander, VI 83402",Y,hours
186,Courtney Brown,148-33-3446,"Unit 9963 Box 0234
DPO AE 21047",N,hours
187,Peter Parks,423-90-5589,"Unit 8065 Box 7451
DPO AE 65843",Y,miles
188,Miguel Murphy,049-16-0802,"PSC 0558, Box 5813
APO AE 08017",N,miles
189,Tamara Bennett,753-62-8157,"3298 Jason Spurs Apt. 408
Kyleport, WV 14041",N,hours
190,Levi Craig,534-89-3856,"894 Pamela Cove
Port Jesse, MO 60447",Y,hours
191,Marisa Anderson,829-29-0525,"1907 Lauren Gardens Suite 107
Kurtberg, ME 87430",N,miles
192,Gregory Kennedy,647-43-2419,"91278 Porter Pike
North Jeffrey, VT 83102",N,hours
193,Betty Miller,350-86-6186,"USCGC Owens
FPO AE 38396",N,miles
194,Katie Erickson,387-59-6021,"Unit 7936 Box 6418
DPO AE 31150",Y,miles
195,Robert Watson,812-78-4870,"4160 Parker Springs Suite 877
New Caroline, RI 48660",N,hours
196,Stephanie Jefferson,229-84-6303,"71282 William Neck
New Gerald, AR 11580",N,hours
197,Melanie Ray,380-57-5349,"2266 Christopher Center Suite 622
East Karen, OH 90745",Y,hours
198,Erin Brady,515-11-3541,"92758 Christina Vista Apt. 892
Smithtown, NJ 90154",N,miles
199,Karen Roth,459-25-6343,"964 Casey Wells Apt. 993
New Philliptown, SC 20335",N,hours
200,Ms. Vanessa Baker,591-83-8563,"USS Alvarado
FPO AP 31405",N,hours
201,Anthony Reynolds,116-39-8873,"4069 Byrd Green Apt. 836
West Brian, OH 57543",N,miles
202,Miss Michelle Allen,201-45-7264,"137 Antonio Branch
Katelynton, MO 27335",Y,miles
203,Michael White,506-65-5675,"969 Daniels Mission
Lake Markbury, AK 74973",N,miles
204,Peter White,069-20-4028,"30920 Morris Plaza
Laurenview, NY 45080",Y,miles
205,Cameron Wu,058-21-3076,"13908 Rodriguez Forks
Annaton, CO 09612",N,hours
206,Amanda Arnold,155-48-6719,"30058 Johnson Glen Apt. 693
Evansland, OK 85091",Y,hours
207,Tim Bishop,568-76-3720,"0568 Vernon Glens
New Victoriastad, LA 06684",Y,hours
208,Melissa Wallace,108-48-6050,"58711 Samantha Village Apt. 215
Holdenfurt, LA 68698",N,hours
209,Emily Wilcox,731-96-4045,"1270 Hall Manors
East Thomasberg, IA 55422",Y,miles
210,Carrie Riley,618-65-7071,"42112 Lauren Estates
Castilloton, CT 10122",N,hours
211,Stephanie Myers,829-25-8066,"8745 Kidd Cape
Dyerchester, WY 07057",N,hours
212,Darlene Wilson,314-24-7846,"826 Angela Mountain
Gonzalezside, HI 75123",N,miles
213,Anthony Baldwin,037-17-1106,"7972 Chelsea Corners Apt. 662
Abigailland, KS 71460",Y,hours
214,Michael Harris,290-58-8881,"310 Tony Corner Suite 488
Chanville, MN 97081",N,hours
215,Edward Castillo,452-41-1536,"83203 Collins Locks
Ramirezbury, AR 46484",N,miles
216,Robert Nichols,020-09-9910,"116 Smith Corners Apt. 854
South Ronald, PW 99632",Y,miles
217,Caleb Thornton,160-55-7991,"388 Guerrero Parks
Lake James, ND 54139",N,hours
218,Leslie Cox,474-04-7514,"309 Martin Manor
North Christine, MT 83359",N,miles
219,Jennifer Cunningham,440-65-2087,"450 White Harbors
Marshallside, AS 93551",N,hours
220,David Cobb,153-62-1330,"43433 Walker Throughway Suite 129
New Priscilla, MI 45266",Y,miles
221,Randall Neal,339-50-6852,"683 Simpson Squares Apt. 933
East Sean, OR 01515",Y,miles
222,Amy Fleming,614-40-6437,"88828 Garcia Landing
North Roberthaven, NM 73310",Y,hours
223,Mark Ross,126-24-0707,"34060 Dominique Walk Apt. 014
Cummingsshire, VA 42408",Y,miles
224,Erica Lester,658-67-0341,"191 Greer Turnpike Apt. 748
North Joeltown, NM 95134",Y,hours
225,Jason Miller,652-63-6659,"1602 Hernandez Forks
Nancyborough, VA 02356",Y,miles
226,David Sanchez,653-78-9216,"85434 Hernandez Path Apt. 726
Rossland, AK 24711",N,hours
227,Michael Ruiz,160-27-6650,"9488 Ryan Street
Nathanshire, MT 50699",N,hours
228,Amy Lambert,316-80-0058,"44275 Susan Cliff Apt. 697
East Markfurt, MA 09254",Y,hours
229,Mr. Joseph Davis,311-19-5389,"575 Hamilton Mews Apt. 073
New Ryanhaven, SD 84333",N,hours
230,Jason Nguyen,434-55-8411,"616 Ferrell Row
Port Kimberly, MO 49935",N,hours
231,Brandon Hughes,422-84-4529,"7630 Jackson Locks Suite 340
Jonesbury, SC 75835",N,miles
232,Debra Trujillo,583-59-7968,"063 Taylor Mountains Apt. 554
East Reginaview, MO 02896",Y,hours
233,Mark Harris,376-49-0969,"782 Maria Rapid Suite 547
South Kurt, LA 58308",N,miles
234,Anna Sanchez,456-81-3129,"38991 Joan Common
South Williammouth, MN 37416",Y,miles
235,Karen Reynolds,657-64-4531,"77627 Linda Gateway Suite 730
East Susan, VT 61190",Y,miles
236,William Johnson,746-19-3448,"6077 Evan Harbors
Colinland, OK 82065",N,miles
237,Doris Sellers,478-47-2263,"19298 Danielle Loop
West Catherinetown, OH 53268",Y,miles
238,Justin Keller,285-89-5078,"919 Murray Plaza
East Ronnie, NV 57610",Y,hours
239,Anthony Davis,211-67-9776,"7910 Sosa Burg
Nelsonland, VA 76241",Y,hours
240,Cassandra Lee,063-52-3259,"687 Michael Valleys Apt. 946
Andersonville, UT 94529",Y,miles
241,Nathan Gray,438-38-0783,"54028 Barnes Bypass Apt. 956
Dodsonstad, MO 21048",N,miles
242,Donna Norris,109-64-4879,"70098 Gillespie Locks Apt. 606
East Brooketon, PR 96964",N,hours
243,Jody Meadows,143-50-9510,"718 Jeffrey Locks Apt. 607
Hayeshaven, AR 53660",Y,hours
244,Nicholas White,130-27-3350,"USNS Reynolds
FPO AE 94873",N,miles
245,Amy Perez,691-87-9056,"02340 Thomas Cove Apt. 749
Jamesbury, DC 25910",N,hours
246,Timothy Ramirez,278-68-7173,"816 Tran Club
West Kristenview, NV 35615",N,hours
247,Dennis Grant,586-03-4715,"24040 John Flat Apt. 337
New Morganstad, OH 83488",N,miles
248,Anne Thomas,562-30-2121,"926 Jessica Mills Suite 136
Elizabethberg, DC 94417",Y,hours
249,Eric Sanchez,564-30-6644,"USS Walker
FPO AE 77101",N,hours
250,Bradley Gordon,654-68-5297,"64289 Adams Prairie
South Jerry, DE 89408",Y,hours
251,Courtney Galvan,496-58-6487,"37460 Fields Heights Apt. 428
Port Lynnland, NM 19451",N,miles
252,Drew Gonzalez,294-37-9053,"047 Tiffany Canyon
Lake Randytown, NM 90261",Y,hours
253,Tammy Lewis,369-74-7399,"09309 Melissa Summit Suite 047
Robertport, DE 57751",N,hours
254,Courtney Smith,781-70-8855,"703 Montgomery Shores
West Anne, MA 87478",N,hours
255,Rebecca Lawrence,123-54-2668,"01148 Weaver Mountain
Rebeccachester, AK 44801",Y,miles
256,Robert Serrano,107-64-8420,"136 Pamela Mountains
North Jacob, LA 32424",N,hours
257,Mitchell Rangel,677-57-8180,"3399 Williams Trace Apt. 155
East Sheila, WI 53683",N,miles
258,Jessica Ferguson,670-46-4753,"14580 Ortega Drive Apt. 657
Lake David, NV 63519",Y,miles
259,Bobby Garcia,109-04-2591,"8838 Jacob Oval
Michaelhaven, NV 76696",N,hours
260,Bailey Robertson,461-92-8749,"9357 Matthews Oval Apt. 730
Shaunmouth, IA 85755",N,hours
261,Brian Martin,578-33-4929,"PSC 9604, Box 6642
APO AE 67064",Y,miles
262,David Myers,719-06-4426,"9302 Gross Rest Suite 533
North Evan, IL 60637",Y,hours
263,Daniel George,365-65-5960,"9522 Ashley Ports
Kellystad, WI 28874",N,miles
264,Stephen Cross,345-35-2662,"21000 Jennifer Ridges Apt. 134
Lake Robert, TN 93224",Y,hours
265,Glen Pittman,302-86-8354,"2271 Howard Orchard Suite 774
Frostton, MD 30023",Y,hours
266,Cynthia Blake,799-22-7205,"47698 Dickerson Mountain
Ellischester, TN 16327",Y,hours
267,Lauren Young,676-61-3232,"961 Quinn Estates Suite 365
Stricklandburgh, NE 83558",N,miles
268,Jacob King,181-25-8732,"47695 Christopher Cape Apt. 416
Julieton, GU 69314",N,miles
269,Roger English,034-73-1366,"8647 Duncan Cove
Justinfort, OH 20972",N,hours
270,Jordan Klein,846-21-2655,"20697 Ramos Alley
Scottchester, MO 00726",N,hours
271,Elizabeth Gutierrez,533-47-7177,"1423 Ashlee Parks
North Lori, IN 93345",N,miles
272,Jacob Jones,057-32-5415,"5758 Fernandez Estates Suite 925
Mcdonaldton, MO 63557",N,miles
273,Madison Carlson,722-61-8062,"087 White Spurs Suite 657
Port Jesseville, OR 55946",N,miles
274,Andrew Smith,703-84-5822,"2525 West Crossroad
Bonnieport, NH 73468",N,miles
275,Patrick Hernandez,566-29-0689,"Unit 4114 Box 7931
DPO AA 88165",Y,hours
276,Scott Harrington,140-15-1437,"156 Chavez Ford
Whitehaven, DE 63728",N,hours
277,Ebony Wilkerson,854-68-5648,"2288 Bailey Inlet
New Michellehaven, VI 71078",N,hours
278,Katherine Davis,316-75-4327,"PSC 0399, Box 3536
APO AP 55151",N,miles
279,Kevin Hull,505-30-4995,"835 Christopher Trafficway Suite 361
Caldwellstad, FL 51622",N,hours
280,Ms. Erin Graham,099-40-3454,"09812 Phillips Loaf Apt. 774
New Nicole, CT 23004",N,hours
281,Amy Christensen,295-97-0399,"Unit 5935 Box 7437
DPO AP 10411",N,miles
282,Christina Clark,870-93-2174,"52257 Peterson Pass Apt. 360
Amyport, NE 90487",N,hours
283,Shannon Kim,603-49-9065,"24666 Debra Drive
Suttonshire, VT 26075",N,miles
284,James Williams,226-55-0519,"726 Lisa Creek
Jonesside, CA 45652",Y,miles
285,Carla Williams,149-64-7469,"Unit 8513 Box 2679
DPO AE 73685",Y,hours
286,Kathryn Pierce,283-99-3337,"10632 Anthony Passage
North Holly, RI 28189",N,hours
287,Amy Mooney,439-30-6963,"84701 Jackson Estates
Nelsonside, MA 72819",Y,miles
288,Christopher Miller,465-99-7283,"7037 Chad Ramp Apt. 320
Meganport, NE 15818",N,miles
289,Mariah Parker,347-27-0598,"81656 Ryan Cape
West Amanda, VT 96619",Y,hours
290,Michael Alvarado,556-72-6986,"3953 Andrea Junctions
Troyhaven, WY 15869",Y,miles
291,Jessica Kelley,811-39-9579,"771 Newman Passage Suite 969
North Robertland, GU 15187",N,hours
292,Adam Davis,524-29-8978,"9758 Fischer Tunnel Suite 710
Port Wesley, DE 84485",Y,hours
293,Cynthia Lee,579-89-7507,"63936 Donaldson Heights Apt. 762
Kellytown, ID 90933",Y,miles
294,Ashley Hall,008-27-9274,"8495 Smith Circles Apt. 736
Connieton, PR 40549",N,miles
295,Patrick Griffin,315-77-1102,"1908 Joseph Radial Apt. 814
Lake James, WY 53836",N,miles
296,Brian Smith,620-08-5259,"807 Franklin Branch
Priceview, LA 67729",N,hours
297,Adam Taylor,562-98-9891,"55714 Carpenter Spurs
Carlyview, PA 69478",Y,miles
298,Earl Robertson,231-91-0515,"3914 Lee Mews
North Dennis, NV 06106",Y,miles
299,Kaitlyn Bates,182-78-8330,"1903 Carlson Trace Suite 578
Port Danielborough, AZ 54799",N,hours
300,William Jimenez,856-89-6490,"284 Jose Avenue Apt. 126
South Robertside, ID 93601",Y,hours
301,Adam Rhodes,345-17-8554,"3893 Laura Springs
South Danielhaven, AL 73168",Y,hours
302,Kayla Mccoy,350-78-2606,"07502 Hicks Drives
Lewismouth, NV 36984",Y,hours
303,Julie Cruz,255-57-3489,"013 Martinez Loaf Apt. 916
Brendachester, PR 73070",N,hours
304,Erik Huang,563-36-5570,"1846 Jackson Mountain Apt. 871
Johnton, VT 15579",N,miles
305,Jonathan Sims,672-55-9471,"9904 Cherry Expressway Apt. 339
Bradshawport, AK 25062",N,hours
306,Jacob Young,889-76-7472,"26671 Garcia Plaza
Schroederview, WY 33734",N,miles
307,Rodney Garcia,684-39-2495,"53841 Jasmine Forge Suite 923
South Alexanderland, WY 23125",Y,hours
308,Jason Silva,857-30-0703,"5886 Chan Forge Suite 957
West Daniel, ID 21056",Y,miles
309,Jennifer Li,483-40-2079,"Unit 8431 Box 8990
DPO AA 97320",Y,miles
310,Kyle Bullock,895-83-9688,"6763 Kevin Lake Suite 696
Theresaborough, MD 89175",N,miles
311,Jordan Sullivan,589-33-3796,"19739 Nguyen Park
Millerberg, MP 09977",N,miles
312,Laura Miles,765-72-4235,"87329 Roy Manors Suite 293
South Brandonstad, DE 06782",N,hours
313,Chelsea Watson,866-51-6932,"5540 Edwards Terrace Suite 490
Aliciafort, MP 98927",Y,hours
314,Elizabeth Hull,660-06-2861,"0358 Anna Squares
Danielsmouth, CT 81196",Y,miles
315,Ralph Johnson,887-02-6007,"329 Nicholas Estates
New Alicetown, FL 93210",N,miles
316,Samantha Johnson,418-75-5059,"2707 Washington Roads Suite 480
Karenhaven, OH 31810",Y,miles
317,John Douglas,893-90-5474,"674 Long Meadows
Eddieland, NH 20299",Y,hours
318,Gregory Weaver,205-76-8699,"726 Fisher Prairie Apt. 951
Stephenstad, ND 16447",Y,hours
319,Brian Green,372-87-9388,"67187 Martin Roads Apt. 940
Lake Mary, CO 03974",Y,hours
320,Christopher Tran,512-33-6994,"PSC 7053, Box 6744
APO AE 46951",N,hours
321,Nathan Mccarthy,476-54-1366,"00709 Brock Valley Suite 096
Schultzville, MI 12163",Y,hours
322,Michele Dunn,451-53-3073,"8181 Danielle Stravenue Apt. 060
Martinmouth, WV 03656",N,miles
323,Chase Wallace,664-39-4738,"14555 Morris Union
Port Brianfort, UT 70585",Y,miles
324,Sheila Thompson,291-86-4009,"2784 Morgan Rapids
Port Dana, AS 80611",N,miles
325,Joseph Blevins,139-21-9460,"080 Webb Camp
Lake Amyview, CT 17039",Y,miles
326,Joel Butler,018-21-6877,"798 Harris Isle
South Stephaniechester, MT 37786",N,hours
327,Elizabeth Gibson,336-66-6419,"309 Amanda Wall
Santiagofort, PW 95801",N,miles
328,Dominique Figueroa,355-19-7950,"2734 Stacie Lock
Nicolemouth, VI 41147",N,miles
329,Miss Angie Davis PhD,288-78-7920,"54051 Amanda Cliff
Danielville, VA 20189",Y,miles
330,Melissa Ward,407-13-8157,"4125 Michael Crossroad
Colemanhaven, MH 84746",N,hours
331,Courtney Lopez,833-38-8709,"2117 Thomas Manor Suite 788
Jacksonborough, IN 41107",N,miles
332,Matthew Williams,493-35-9103,"9905 Luis Valleys
South Nicholas, GA 96124",Y,miles
333,Teresa Black,126-09-5721,"510 Jacqueline Courts
Jerryberg, NY 41993",Y,hours
334,Cynthia Davis,635-04-1458,"27218 Laura Trace Apt. 124
Raymondville, PW 20521",N,miles
335,James Ellis,609-66-2581,"19683 Strong Island
Tonyastad, AK 81995",Y,hours
336,Mr. Steven Davis,575-10-3847,"01084 Liu Meadow
North Kimberly, ME 08428",Y,hours
337,Gina Clark,856-15-1998,"808 Brown Extensions
Garrisonmouth, AS 30731",N,miles
338,Mariah Meyer,692-29-8497,"758 Rebecca Shoal Suite 308
Stevenborough, LA 45074",N,miles
339,John Ayers,606-48-0042,"410 Justin Valley Suite 366
South Donna, DC 20628",N,hours
340,Fred Morris,120-95-0623,"9495 Harris Prairie Apt. 348
Fergusonbury, MO 90523",N,hours
341,William Buchanan,710-70-9786,"277 John Way
West Jacquelineport, OH 48709",N,miles
342,Sylvia Calhoun,470-47-2153,"2317 William Shore
Michaelville, MO 47987",N,hours
343,Harry Banks,227-60-0586,"877 Erickson Knoll
Danielchester, KY 05023",N,hours
344,Jeffrey Brooks,216-12-4874,"171 Turner Port Suite 240
West Kristina, PA 21311",N,hours
345,Sarah Zhang,838-42-2218,"Unit 6773 Box 1952
DPO AE 14387",Y,miles
346,Joseph Fernandez,564-80-0629,"4974 Michael Flat
Bartonchester, NH 96643",N,miles
347,Brandon Juarez,777-68-8918,"2187 Cardenas Radial
Nguyenbury, AR 16141",N,hours
348,Mr. David Hubbard,218-01-3167,"31254 Steven Court
Port Erika, IL 90790",Y,miles
349,Brandon Ferguson,205-66-5852,"1795 Austin Isle Apt. 776
Castillomouth, LA 88064",N,miles
350,Jessica Smith,273-08-2546,"3639 Kristin Inlet Suite 846
Nathanshire, SD 59047",Y,hours
351,Lisa Thomas,295-25-7509,"14037 Taylor Ford
South Tinafort, NJ 08064",N,miles
352,Taylor Peters,269-57-6100,"Unit 0436 Box 7260
DPO AE 27259",Y,miles
353,Pamela Brown,238-47-7173,"1387 Charles River
Lake Gregoryville, PR 10843",Y,miles
354,Mr. Daniel Rios,572-77-3464,"USS Roy
FPO AA 96530",N,hours
355,Donna Wilson,415-28-2911,"726 Karen Ways Suite 902
Mercerhaven, VA 22389",N,miles
356,Zachary Jackson,361-36-3587,"6096 Dylan Key Suite 584
West Josephville, VI 51680",N,miles
357,Kara Wright,341-44-2387,"828 Nicole Courts
Port Jennifermouth, WY 33749",N,miles
358,Gabriel Perez,790-56-7351,"282 Bradley River Apt. 203
Coleberg, NC 42544",Y,miles
359,Brooke Summers,701-51-9484,"2811 Rachel Hill
Wilsonchester, MH 87518",Y,hours
360,April Dunlap,378-30-8207,"45142 Lawson Plains
Karenfort, CA 77860",Y,miles
361,Brian Spence,654-34-0063,"59265 Hill Glen Apt. 397
Brooksberg, AR 76780",Y,miles
362,Stacey Rice,317-43-3308,"60312 Boyd Way
East Davidchester, PR 12897",N,miles
363,Sheila Lambert,237-22-1642,"PSC 9956, Box 7621
APO AE 61654",N,hours
364,Eric Hart,871-27-8817,"000 Brian Plains Apt. 096
Adrianshire, TN 52379",Y,hours
365,Heather Campbell,602-93-0923,"598 Thornton Courts Apt. 596
Hartburgh, TN 47209",Y,miles
366,Gregory Hart,050-52-7654,"5120 Castillo Valley Suite 436
East James, AL 22687",Y,hours
367,Matthew Anderson,318-14-1123,"389 Mendoza Green
Sophiatown, NC 73906",N,hours
368,Michael Williamson,357-67-5885,"67035 Joshua Forges Apt. 734
West Amanda, VT 86472",N,miles
369,Jennifer Brown,706-17-2409,"18132 Bennett Unions Suite 579
Jacobsonport, NM 53963",N,miles
370,Sarah Brown,427-96-3446,"27070 Shannon Circles Suite 399
Sancheztown, IA 86614",Y,miles
371,Wayne Harris,724-13-2892,"33572 Jackson Mountain
South Dawnville, NY 88076",N,miles
372,Tyler Ramos,559-13-7958,"05744 Church Spurs
Georgechester, SC 34581",Y,miles
373,Beth Poole,699-43-3660,"127 Marshall Roads
Michaelberg, OH 37496",N,hours
374,Patrick Williams,737-28-6452,"464 Jenkins Ranch
Juliaview, WV 09221",N,miles
375,Heidi Roberts,590-28-5951,"512 Baker Ports Suite 238
Port Williamside, DC 35921",N,miles
376,Sara Sandoval,091-79-3859,"974 Parker Bypass Apt. 486
Port Brandonfort, HI 18481",Y,hours
377,James Davis,294-88-5072,"03132 Mcdonald Roads
Ruthfurt, UT 14584",N,hours
378,Christine White,804-40-5940,"06032 Hatfield Crossroad Suite 625
Chandlermouth, MH 05331",N,miles
379,Susan Cummings,875-76-4818,"5743 Goodwin Crest
Jameshaven, CA 87560",N,miles
380,Ashley Hammond,633-63-3251,"994 Adam Mill
Anthonyberg, MT 07086",N,hours
381,Jeremy Mcdonald,556-61-1460,"730 Benjamin Views
Phillipsshire, IN 20539",N,hours
382,Mathew Kim,634-12-1786,"Unit 1843 Box 1805
DPO AE 83484",Y,hours
383,Lauren Miller,164-40-6989,"079 Christopher Ridge
Douglasberg, MH 91729",N,miles
384,Lori Taylor,005-62-2814,"844 Kenneth Plaza Apt. 310
Jesusberg, PA 57807",N,miles
385,Derrick Bennett,757-34-7506,"81396 Valencia Crescent
West Cynthia, OH 96002",Y,miles
386,Kristina Valenzuela,488-26-6441,"903 Smith Ports
South Brianstad, NE 68873",N,miles
387,Christina Miller,251-30-8376,"28907 Baker Glen Apt. 136
New Amberton, WY 26080",N,miles
388,Joseph Nicholson,050-06-4903,"62327 Kennedy Throughway
Smithtown, WA 85398",N,miles
389,Lonnie Acosta,220-70-8470,"PSC 8922, Box 8605
APO AE 97482",N,miles
390,Miss Lauren Parker,705-79-6948,"002 Christina Springs Apt. 526
Thomasbury, OH 75066",Y,miles
391,Monica Rodriguez,269-76-6231,"USNS Wise
FPO AE 81938",Y,hours
392,Jennifer Perez,200-86-6978,"4778 Pollard Vista
Port Robertstad, FL 84287",N,miles
393,Kathy Neal,571-36-0270,"7141 Mark Ports Suite 204
Melissaberg, TN 67718",Y,hours
394,Marie Booth,483-95-8085,"68834 Villarreal Walk
New Anthonytown, TN 59583",N,hours
395,Kaitlin White,411-55-3855,"2004 Raymond Vista
Fowlerport, WA 57841",N,hours
396,Donna Woodard,206-69-3180,"0088 Carl Plains
Aaronhaven, WV 28331",Y,hours
397,Jason Evans,068-53-2982,"36680 John Mission Apt. 633
Whitakerfurt, MS 79540",Y,hours
398,Rebecca Adams,117-99-0415,"PSC 9689, Box 5060
APO AE 03807",Y,miles
399,Jill Sanders,385-27-2216,"797 Carr Corner
North Gregoryborough, DE 90986",N,miles
400,Katie Maxwell,522-57-6848,"0708 Sosa Stravenue
North Andrea, TX 27121",Y,miles
401,Tyler Ibarra,820-22-7292,"98018 Kayla Garden
West William, VT 97227",N,hours
402,Antonio Davis,274-36-0480,"84079 Martinez Street Suite 254
Port Judithside, ID 87363",Y,miles
403,Jonathan Cook,413-37-2973,"6355 Porter Groves Apt. 718
North Robert, WV 79861",N,miles
404,Victoria Patterson,301-47-5136,"068 Bender Summit Suite 610
Richardmouth, GU 37122",N,miles
405,Joseph Wheeler,263-50-3157,"21389 Wendy Spur Apt. 930
East Josephfort, OR 50351",Y,hours
406,Andre Livingston,565-66-9827,"62497 Victor Gardens Apt. 952
Jasonville, DC 21023",Y,miles
407,Caitlin Griffin,553-02-8084,"5081 Paul Squares
South Danielle, ID 42166",Y,miles
408,Paul Reyes,572-15-6214,"2839 Steven Villages Apt. 528
Lake Robert, SD 34209",N,miles
409,Alexander Hughes,733-79-7375,"1834 Amy Springs Apt. 261
Leeberg, WV 04648",Y,miles
410,Michaela Andrews,216-03-4118,"USNS Warner
FPO AA 26250",N,miles
411,Kathleen Torres,794-44-0974,"116 Ashley Circles
North Dominicville, WI 65060",Y,miles
412,Robert Davidson,662-53-2378,"6491 Zavala Drive Suite 194
East Sarah, DC 30119",N,hours
413,Susan Cardenas,360-35-4001,"136 Fox Passage
Ponceport, WY 56772",Y,hours
414,Anthony Howe,188-59-0735,"0238 Burton Way Suite 510
Heathermouth, VT 07473",N,hours
415,Alexis Smith,549-53-4029,"55863 Thomas Oval
Zacharyfort, NY 90903",N,hours
416,James Faulkner,025-56-7426,"758 Kyle Squares Suite 069
South Jack, HI 62389",Y,miles
417,Isaac Clark,732-37-8250,"6500 Jose Squares Apt. 331
Port Haley, TN 27075",Y,hours
418,Tiffany Walker,466-08-3791,"1820 Flynn Freeway Suite 459
New Jeremiah, NM 51853",N,hours
419,Jessica Contreras,782-41-6719,"194 Brian Meadow
West Jack, PA 57123",N,hours
420,Vicki Spears,439-23-4090,"701 Jeffrey Drive Apt. 425
Smithside, NC 88705",Y,miles
421,Cassidy Williams,896-88-7929,"93357 Sandoval Mill Suite 958
Hawkinshaven, KY 95668",Y,miles
422,Ronnie Graham,376-91-8185,"11024 Emily Brooks
Lake Maryburgh, KS 48448",Y,miles
423,Gregory Brock,271-85-9919,"Unit 0124 Box 1210
DPO AA 58633",Y,hours
424,Amber Adams,142-76-8135,"366 Michael Station Apt. 009
East Christopherhaven, MD 34196",Y,hours
425,Donna Hickman,589-24-3308,"18720 Nelson Pike
Terryport, HI 21093",N,hours
426,Crystal Sharp,801-70-5516,"66424 Wright Locks Apt. 244
Ashleyfurt, WY 98240",N,hours
427,Emily Browning,816-09-8316,"1732 Curry Roads
Jackborough, MI 87400",Y,hours
428,Madison Sims MD,834-64-3250,"61907 Nathan Vista
Lisachester, CO 26300",Y,hours
429,Jill Estrada,450-76-8737,"10563 Emily River
Sanchezhaven, FL 54363",Y,hours
430,Brian Porter,222-58-2938,"2317 Thomas Park Apt. 017
Mullinsmouth, VA 55946",Y,hours
431,Kevin Watson,647-87-5667,"548 Rodriguez Manors
New Robertport, RI 94837",Y,hours
432,Travis Rogers,572-65-7830,"664 Moore Throughway
Williamshaven, MS 43018",N,miles
433,Rachel Jimenez,820-36-3237,"2462 Lester Camp Suite 041
Connorberg, AK 96957",N,miles
434,Keith Gonzalez,121-34-9427,"973 Estrada Circles Suite 632
East Dustin, AL 55711",Y,hours
435,Rhonda Nguyen,608-06-2972,"8919 Shannon Well
East Kimberly, MA 49717",Y,miles
436,Troy Gonzales,547-42-3575,"030 Sara Port Suite 875
Nataliechester, AS 96487",Y,miles
437,Justin Smith,424-19-8288,"27697 Christine Motorway
Jonathanshire, KS 92280",Y,miles
438,Trevor Thomas,645-24-1656,"66387 Becker Canyon
Jacksonport, AK 37717",N,miles
439,Christina Gonzalez,176-26-4360,"770 Eric Crossing
North Katherineville, MP 01786",N,miles
440,Douglas Brooks,443-32-4971,"150 Sheila Junctions Suite 506
Lake Thomaston, NH 16319",N,miles
441,Amy Alvarado,678-16-8062,"07237 Jones Spring
East Christopher, MO 14582",N,hours
442,Charlotte Levy,736-95-2731,"907 Laura Estates
South Brianville, AZ 56443",Y,miles
443,Connie Howell,093-98-5926,"38500 Matthew Ports
Lake Jillian, OK 18791",N,hours
444,Jill Watson,762-81-3439,"6541 Francis Burgs
Pinedafurt, UT 37835",N,hours
445,Jeremiah Guerrero,083-47-9851,"3187 Floyd Square Apt. 171
New Stephen, OR 44011",Y,hours
446,Danielle Jackson,190-33-0308,"4207 Cooper Flat Apt. 795
Merrittmouth, MO 80812",Y,miles
447,Marc Jones,397-83-0793,"Unit 9851 Box 0222
DPO AP 09256",Y,miles
448,Ryan Taylor,533-88-2965,"38316 Leonard Fort Apt. 514
Ryanmouth, NE 12714",N,hours
449,Anthony Brown,165-32-7296,"276 Kari Summit
Timothybury, DE 90454",N,miles
450,Michael Robertson,740-32-5741,"121 Thomas Road Apt. 756
Wilsonfurt, DE 18817",N,hours
451,Peter Rogers,572-86-4040,"791 Meredith Inlet
Jerryberg, RI 34043",N,hours
452,Kimberly Roman,160-43-1167,"55598 Ricardo Orchard
South Davidview, LA 33801",N,miles
453,Stephanie Baker,672-77-1414,"60047 Charles Club Suite 154
West Katie, MO 59558",Y,miles
454,Tracy Farmer,011-58-6968,"18817 Crane Extension
Calebville, CA 13437",Y,miles
455,Robert Marquez,362-76-9613,"652 Bell Walk
Jenniferbury, NJ 14374",N,miles
456,Ann Fleming,757-52-1948,"966 Reed Keys Suite 453
Lisaborough, OK 51328",N,miles
457,Melissa Hartman,192-59-9332,"8873 Patel Mission
West Jennifer, MP 69248",N,hours
458,Christopher Williams,773-71-3408,"84584 Casey Squares
West Veronicabury, NH 04423",N,miles
459,Sylvia Livingston,768-39-1130,"452 Rodriguez Shoal Apt. 737
Jacobshire, NH 89797",Y,miles
460,Keith Hardy,128-87-8504,"USS Miller
FPO AA 11874",Y,hours
461,Michael Sanchez,480-21-9081,"501 Rodriguez Trace
Hernandezland, CO 72072",N,hours
462,Brenda Jones,678-95-5864,"532 Karina Tunnel
Jonesmouth, AZ 90597",Y,miles
463,Christopher Brown,118-49-7389,"Unit 0214 Box 3727
DPO AP 32756",Y,miles
464,Robert Johnson,192-97-1518,"33850 Thomas Common
Lambville, GU 95695",Y,hours
465,Diane Fowler,710-44-6292,"53708 Stewart Prairie Apt. 899
East Kristi, MS 82211",Y,miles
466,Wanda Evans,455-19-9986,"1937 Tracey Islands Apt. 203
Port Paul, ND 06210",Y,hours
467,Ryan Guzman,107-72-5825,"55635 Andrew Curve Suite 643
Jeremyside, FL 77921",Y,hours
468,Courtney Ryan,256-06-7698,"2215 Amanda Vista
Isaacton, AZ 24887",N,hours
469,Thomas Chapman,703-01-7569,"03253 Ernest Tunnel
Port Alex, GU 67172",Y,hours
470,Michael Lin,677-41-0396,"899 Mathis Knolls
Stoutborough, ID 15388",N,hours
471,Matthew Edwards,265-68-7838,"507 Daniel Manors
Port Wendystad, TN 46331",N,miles
472,Meredith Meadows,588-07-1579,"191 John Lodge Apt. 726
East Joan, CO 25875",Y,miles
473,Rodney Tran,697-31-8753,"9729 Karen Points
Andreaberg, SD 83646",Y,miles
474,Brenda Blevins,672-14-2707,"122 Rogers Shores
Colleenton, DE 96761",Y,hours
475,Candace Hull,094-69-4436,"47714 Thompson Knolls
East Brianmouth, MH 52146",N,miles
476,Amy Rodriguez,275-09-9397,"81203 Tracey Points Suite 041
New Jennifer, WA 82409",Y,miles
477,Jacqueline Ramirez,889-57-1352,"Unit 7301 Box 3074
DPO AP 43252",Y,hours
478,Summer Jenkins,531-75-4026,"003 Elizabeth Crossroad
Mullinsmouth, ND 41831",N,miles
479,William Fernandez,143-72-0861,"458 Wilson Causeway Apt. 288
East Scott, GA 41062",Y,miles
480,Michelle Lewis,617-14-7783,"4619 Timothy Ville Suite 175
New Rogerport, WY 69763",Y,miles
481,Shane Gonzales,440-31-9536,"2917 Felicia Greens
Batesmouth, VI 38318",N,miles
482,Melissa Lin,480-69-0062,"9858 Thompson Port
Millerchester, AZ 17812",N,hours
483,Lisa Zavala,502-89-3818,"USNV Vega
FPO AA 03845",N,hours
484,Kimberly Hudson,804-52-6020,"349 Gonzalez Passage
Port Robertside, MT 61972",Y,hours
485,Kelly Price,348-59-4028,"318 Berry Fort
North Kara, KY 73227",N,hours
486,Tracy Brown,397-02-3436,"47603 Rachel Forks
North Chad, MN 03292",N,hours
487,Ryan Gonzalez,127-87-9422,"4841 Tucker Port
Nathanbury, OH 55982",N,hours
488,Thomas Smith,745-05-3455,"321 Davis Way Apt. 455
East Erin, UT 20942",Y,hours
489,Christina Myers,807-93-3170,"733 Jamie Roads
Lake Gary, CA 32735",N,hours
490,Christopher Melendez,840-21-5811,"072 Devon Corner Suite 187
Port Kristabury, CO 43639",Y,miles
491,Jamie Collins,382-03-1691,"0439 Schneider Springs Apt. 997
East Cameronville, TX 32314",Y,hours
492,Levi Rodriguez,266-11-7543,"2148 Daniel Park Apt. 663
Lake Gregory, KY 34455",Y,miles
493,Mark Carter,511-88-5616,"891 Bonnie Tunnel Apt. 530
Markborough, MS 08467",N,hours
494,Ashley Dalton,359-20-1397,"PSC 9650, Box 6850
APO AA 08062",N,miles
495,Karen Shaw,871-43-5919,"030 Lori Manor
Smithberg, MH 02751",N,hours
496,Michael Miller,774-99-6306,"88939 Stephens Estates
Walkerberg, MT 87862",Y,miles
497,Tracy Murphy,670-56-2950,"0992 Flores Well Apt. 052
New Vanessashire, DC 41812",Y,hours
498,Jeffrey Nelson,299-79-3379,"215 Grant Locks
Jamesburgh, NE 82671",Y,hours
499,Wendy Chambers,623-05-7500,"2668 Andrews Turnpike
New Joy, IL 56485",Y,hours
500,Brian Collins,894-71-2179,"446 Anderson Spring Suite 925
East Joshuaberg, UT 19755",Y,hours
501,Kevin Phillips,482-49-5318,"6265 Nathaniel Camp Suite 247
Sherriville, UT 38855",Y,hours
502,Emily English,581-48-6599,"720 Caldwell Avenue Suite 835
West Tammystad, NJ 30392",Y,miles
503,Jonathan Duncan,141-76-6523,"08253 Smith Harbor
Lake Donburgh, MP 80098",Y,hours
504,Katrina Conrad,322-53-0909,"5676 Rich Roads
Port Carlosbury, VI 12881",Y,miles
505,Sheila Wells,030-45-7013,"655 Stephanie Harbor Suite 636
North Shelley, NH 48235",N,miles
506,Michael Reyes,335-05-3446,"319 Warner Ports
Gonzalezton, FL 99271",Y,hours
507,Anthony Norman MD,386-14-6860,"840 Huff Hill
Lindabury, KY 23656",N,hours
508,Terri Clark,773-28-4922,"475 Kimberly Oval Suite 516
Lauriefurt, MA 38356",N,miles
509,Matthew Williams,851-43-0199,"71255 Robertson Villages
Kleinville, KY 55972",Y,miles
510,Kyle Aguilar,369-07-3299,"2877 White Road Suite 952
South Joyce, GU 97491",Y,hours
511,Kathleen Holland,361-35-4528,"193 Kimberly Hill Apt. 943
New Nicholas, AK 46433",Y,hours
512,Rebecca Smith,126-81-4271,"524 Brian Inlet
North Kevinshire, VI 91831",Y,miles
513,Robert Torres,108-24-2134,"53519 Miller Trace Apt. 100
Williefort, FM 69428",N,hours
514,Karen Cook,577-47-5033,"18032 Sandra Extensions Suite 467
West Antonio, MH 42143",N,hours
515,Jennifer Sanchez,801-18-0091,"3821 Gerald Underpass
West Williamshire, TN 50819",Y,miles
516,Robert Johnson,094-02-4463,"9013 Andrew Route Suite 060
Port Lindaside, NM 62007",Y,hours
517,Traci Price,243-32-7259,"5655 Shannon Branch Suite 895
Lake Thomas, AZ 94086",N,miles
518,Kayla Barajas,487-48-2390,"Unit 3097 Box 9281
DPO AP 81173",Y,hours
519,Tyler Dixon,434-62-2379,"USNV Juarez
FPO AE 51888",Y,miles
520,Megan Wilson,724-19-6423,"8873 Chris Track Suite 663
Port Jamie, VI 21213",N,miles
521,Lisa Stokes,331-52-9006,"191 Harris Bypass Suite 053
Mcclurefort, CT 08269",N,miles
522,Ashley Fox,708-02-1883,"Unit 1388 Box 2034
DPO AA 39950",N,hours
523,William Brown,152-16-0159,"9512 Washington Fork
Rogersland, KY 33213",N,hours
524,Austin Velasquez,303-53-9548,"4589 Austin Road Apt. 667
Jasmineton, IA 84531",Y,miles
525,Monica Thomas,521-47-0168,"012 Sarah River
Matthewborough, UT 46386",N,miles
526,Charles Robinson,109-94-8776,"600 Brown Villages
East Jessicahaven, VA 68316",N,hours
527,Joseph Moreno,168-17-4706,"7043 Collins Meadow Apt. 489
Obrienberg, IL 33429",N,hours
528,Susan White,736-83-1514,"10470 Carter Squares
Lake Elizabeth, IA 73755",Y,miles
529,Stephen Landry,655-35-8956,"4936 Ariel Burg Apt. 187
West Kyle, SC 84682",Y,miles
530,Terry Smith,872-61-1265,"77505 Katherine Valley Apt. 710
Thorntonfurt, OR 57394",Y,miles
531,Edward Simon,538-68-9317,"Unit 5208 Box 5866
DPO AE 11388",N,hours
532,Todd Lucas,849-19-2611,"6076 Samantha Vista Suite 077
Jonathanshire, ID 88113",Y,hours
533,Darren Williams,820-46-2397,"3038 Brandon Mountain Apt. 044
North Paulhaven, MA 66033",Y,miles
534,Sara Watkins PhD,003-60-8586,"4100 Smith Bypass Suite 974
Lake Lauriemouth, WV 48857",Y,hours
535,Mathew Jones,229-47-7715,"5667 Joshua Flat Suite 732
Katieland, AL 11808",N,miles
536,Thomas Griffin,810-87-9056,"91656 Wendy Lodge
Justinview, VT 91849",Y,miles
537,Jackie Kent,484-61-4125,"36141 Lauren Isle Suite 847
Lake Laceyhaven, DE 94599",N,hours
538,Diana Stewart,774-70-6088,"49064 Michelle Circle Apt. 888
Contrerasland, MP 83749",N,hours
539,Bailey Rodriguez,036-30-9940,"USCGC Stephenson
FPO AE 82634",Y,miles
540,Patricia Daniel,519-30-8283,"2725 David Parkways
South Edwinville, AK 37792",Y,miles
541,Jessica Graves,020-57-9804,"6683 Colleen Overpass
Geraldchester, FM 19435",Y,hours
542,James Wright,552-96-2145,"1758 Daniels Union Suite 320
Floydfurt, NV 07722",N,hours
543,Jason Cunningham,011-55-5260,"801 Lisa Tunnel Apt. 570
Garciafurt, FM 95561",N,miles
544,Catherine Finley,187-21-4529,"99799 Melissa Radial Suite 191
West Catherinetown, AK 81733",Y,miles
545,Cassandra Martin,394-32-7625,"031 Brian Hollow
Lisafort, TX 85359",N,miles
546,Debra Simmons,679-75-8520,"0615 Hansen Vista
Port Kaitlynfort, ND 85434",N,miles
547,Mary Padilla,806-57-1603,"PSC 7338, Box 4547
APO AE 35679",N,hours
548,Lisa Brown,698-45-6245,"132 Murillo Glen Apt. 225
New Sabrinafurt, OH 83153",N,miles
549,Sarah Diaz,583-01-3105,"526 Lauren River Apt. 336
West Paulfurt, MT 32627",Y,miles
550,Lisa Martinez,679-49-3831,"Unit 2536 Box 8402
DPO AE 72602",Y,miles
551,Brian Williams,773-76-3029,"USS Roberts
FPO AE 01410",N,hours
552,Sarah Aguilar,350-97-1113,"1896 Parrish Avenue Suite 775
East Jessica, AK 53130",N,miles
553,Kara Holder,648-61-4541,"5177 Margaret Overpass
Thompsonland, TX 93159",Y,hours
554,Brandon James,821-82-9778,"589 Lori Station Suite 567
Donaldsonside, OK 13811",Y,hours
555,Susan Fields,098-15-1030,"USNS Christian
FPO AP 59293",N,hours
556,Brent Sheppard,653-20-3734,"60850 Flowers Expressway
New Rachel, MS 24589",N,hours
557,Amanda Anderson,859-89-0798,"6661 Hunter Isle Suite 908
South Julie, GA 04767",Y,miles
558,Sarah Rodriguez,325-45-8930,"61312 Fuller Flat
East Patrick, VI 27545",Y,miles
559,Diana Morrow,336-07-1786,"97384 Thomas Valleys Suite 687
South Sydneyhaven, CA 87402",Y,hours
560,Jesse Stewart,480-73-8076,"78408 Christensen Underpass Suite 720
Westfurt, AS 64414",N,miles
561,David Lewis,675-03-3496,"9081 Smith Inlet
South Jordanville, GA 62586",Y,hours
562,Gregory Lee,591-46-4325,"Unit 1256 Box 4510
DPO AA 80636",N,hours
563,Mrs. Dorothy Lucas MD,727-70-5747,"41423 David Summit Suite 682
Roachport, UT 35808",Y,miles
564,Madison Davenport,241-62-0543,"855 Watts View Suite 259
Port Stephanie, MH 64549",N,miles
565,James Parsons,407-31-2547,"541 Daniel Vista Suite 490
Port Ricky, OH 62650",N,miles
566,Ethan Curry,702-34-2307,"063 Estes Hill
Quinnfurt, TN 51286",Y,hours
567,Eric Edwards,022-67-2282,"282 Angelica Vista Suite 250
Kelleychester, LA 04763",N,miles
568,William Reed,084-52-3775,"251 Murphy Square Suite 819
East Vickieview, AK 60955",N,miles
569,Karen Rodriguez,095-85-2023,"22380 Timothy Villages
North Josephland, SD 78492",N,hours
570,Debbie Ochoa,251-29-9076,"6202 Smith Cove
Angelabury, SC 45557",N,miles
571,Kyle Adams,764-49-3459,"41084 Samuel Knoll
Port Saraside, AZ 75685",N,hours
572,Jennifer Lee,159-19-7046,"PSC 1488, Box 8399
APO AA 39560",Y,miles
573,Brent Valdez,242-92-9443,"6323 Dawn Ports
Colinberg, UT 56281",N,miles
574,Evan Rowe,461-28-1796,"297 Klein Mission Apt. 624
Martinbury, AL 52543",Y,hours
575,Charlotte Larson MD,158-16-3911,"866 Castro Lake Suite 146
Batesview, NM 63836",N,hours
576,Kevin Castillo,667-47-4338,"PSC 1820, Box 8981
APO AE 71323",N,miles
577,Mr. Jacob Gordon,116-43-6173,"USS Barnes
FPO AP 72858",Y,miles
578,Christine Flores,585-37-6280,"0365 Johnson Rapid Suite 694
Wrightfurt, DC 12847",Y,miles
579,Jonathan Young,323-58-9147,"3036 Jeffrey Knoll Apt. 061
South Patrickshire, GU 38390",Y,hours
580,Cassandra Griffin,707-10-9828,"PSC 7421, Box 2290
APO AE 29230",Y,miles
581,Denise Thomas,197-62-2770,"158 Fields Springs Apt. 750
North Michelemouth, AZ 90341",Y,hours
582,Paul Smith,390-40-8514,"04932 Kelly Road Suite 455
West Sheliaborough, NY 15863",Y,hours
583,Heather Franklin,437-32-6525,"USCGC Vargas
FPO AA 84112",Y,hours
584,Amy Garcia,822-76-2810,"70276 Chambers Island Suite 899
East Sarahberg, LA 09250",Y,miles
585,Sabrina Brown,827-68-3710,"3787 Johnson Wall
Markmouth, IL 11765",Y,miles
586,Meredith Wilson,815-41-1381,"3245 Flores Ville Suite 000
New Alanview, MD 96731",N,miles
587,Daisy Anderson,106-30-0737,"2677 Allen Causeway Apt. 088
Thompsonville, KS 37381",N,hours
588,Jessica Carey,425-30-4270,"PSC 3419, Box 7092
APO AE 79499",N,miles
589,Michael Henderson,886-88-1793,"45478 John Hill
Lopezview, IL 17619",N,miles
590,Angela Knight,741-01-2953,"089 Garrett Spur Apt. 258
Janicefort, NM 83713",N,miles
591,Judy Foster,139-50-0108,"0210 Hunter Neck Apt. 232
North Andreaberg, VI 91191",Y,hours
592,Michael Barrett,363-23-3703,"05841 Sharon Glens
Port Jenniferhaven, NV 25476",Y,miles
593,Andrea Floyd,030-28-8503,"0526 David Mountains
Port Laurenside, PR 35279",Y,hours
594,Michael Stewart,836-26-2503,"PSC 7132, Box 6193
APO AE 38110",N,miles
595,Mercedes Bean,612-04-6856,"140 Mooney Station Apt. 232
Kayleestad, MP 17773",N,miles
596,Erica Simon,722-20-5446,"8164 Christine Mission
Howellbury, GU 14998",N,miles
597,Aaron Nelson,319-16-7038,"140 Gomez Lake Apt. 742
Suemouth, AK 31091",N,miles
598,Michael Nunez,712-50-9281,"249 Daniel Mountain
Port Diana, PR 25220",N,miles
599,Laura Duncan,220-41-8584,"756 Michelle Turnpike
North Melissamouth, OR 84644",Y,miles
600,John Wilson,611-31-0965,"PSC 0471, Box 7361
APO AA 18238",Y,hours
601,Kimberly Myers,388-15-0089,"3757 Jimmy Wall Suite 721
New Jennifer, NY 58840",N,miles
602,April Castro,883-20-3548,"4555 John Unions Suite 983
Garnerhaven, SD 09700",Y,miles
603,Brianna Carr,543-26-3691,"5896 Wilson Center Suite 071
North Williammouth, PA 98390",Y,hours
604,Patricia Ryan,290-47-5705,"295 Sharp Ville Apt. 651
Jorgemouth, VI 41036",Y,miles
605,Eric White,740-40-1063,"PSC 3245, Box 1128
APO AA 39899",N,hours
606,Hannah Moore,345-19-7111,"381 Dawn Harbors Apt. 689
East John, AK 36853",N,miles
607,Elizabeth Cunningham,350-89-8155,"5682 Erin Village
Matthewhaven, OK 96642",N,miles
608,William Graham,524-37-3684,"414 Katherine Viaduct
Port Karen, VI 88313",N,miles
609,Andrea Jones,178-04-7993,"54794 Rhodes Bypass Apt. 505
Megantown, PW 39229",Y,miles
610,Kenneth Ramirez,030-85-2637,"58280 Gregory Prairie
Kylebury, WA 75897",Y,miles
611,Audrey Davis,872-77-1926,"774 Smith Garden Suite 863
West Raymond, WA 51599",N,miles
612,Lisa Williams,178-28-3875,"586 William Trafficway Apt. 966
Lake Jeffrey, LA 94302",N,hours
613,Matthew Pineda,292-79-9927,"754 Danielle Key
East Bethbury, RI 97286",N,miles
614,Melissa Hall,668-62-3108,"USCGC Wilson
FPO AE 74732",N,hours
615,Theresa Stone,383-92-2199,"29109 Evan Neck
North Ginaburgh, MD 41330",Y,miles
616,Martha Jordan,376-80-1020,"99730 Olson Meadows Suite 185
Edwardsport, MT 37171",N,hours
617,Mr. Bryan Horton,123-04-3498,"299 Stephanie Ford Suite 958
Edwardsville, SC 46941",Y,hours
618,Rebecca Lopez,623-11-1388,"31803 Rivera Point Suite 508
Glenntown, NE 29030",N,miles
619,Erin Reynolds,389-41-1949,"PSC 2239, Box 2767
APO AA 91562",Y,miles
620,Tyler Lopez,037-04-8216,"50017 Darrell Neck Apt. 614
Turnermouth, GU 22986",Y,hours
621,Christopher Jackson,014-18-0358,"30004 Chaney Manors Suite 424
North Aarontown, RI 84344",Y,miles
622,Michael Martin,457-54-0253,"130 Zimmerman Village
New Alison, PW 92218",Y,hours
623,Rebecca Mccarthy,459-13-8990,"2423 Hall Extensions
Hannahview, VA 42371",Y,miles
624,Dalton Martinez,180-93-8842,"30978 Aaron Lakes Suite 715
North Elizabethborough, PR 03068",Y,hours
625,Heather Ritter,778-05-7796,"477 Sarah Dam
Kevinberg, NM 78637",Y,hours
626,Tammy Craig,876-33-6513,"6826 Carmen Land
Castrohaven, VT 05294",N,miles
627,Christopher Castro,229-13-3144,"47562 Chloe Ramp Suite 632
West Mikestad, CA 42646",N,miles
628,Debra Campbell,877-27-8106,"420 Rogers Mount Suite 569
New Kellyhaven, PW 65468",Y,miles
629,David Mullins,023-10-1431,"PSC 2984, Box 0294
APO AA 10144",N,miles
630,Edward Cook,240-04-1333,"25306 Daniels Ferry
East Daniel, VT 16339",N,miles
631,Jennifer Pittman,152-45-3471,"35629 Brandon Club
Aprilville, VI 84276",N,miles
632,Nathan Collins,189-32-5367,"820 Clark Throughway Suite 317
Sanchezbury, WV 58408",Y,miles
633,Matthew Lewis,339-83-0740,"18267 Obrien Rest
Port William, UT 71650",Y,miles
634,Marissa Norris,526-85-7511,"9902 Stafford Burgs Suite 574
Jasminemouth, FM 68180",N,hours
635,Sarah Sutton,406-67-2448,"35275 Gibson Rest
New Jessicaport, TX 92847",N,hours
636,Joshua Holden,830-14-6440,"USS Torres
FPO AP 54613",Y,miles
637,Brenda Gonzalez,809-66-5118,"4495 Courtney Rest Suite 810
Marymouth, NE 80557",Y,miles
638,Terri Simmons,419-88-9474,"9104 Gonzalez Plain
Beckystad, NM 43946",N,miles
639,Scott Alvarado,652-31-5780,"USNS Becker
FPO AP 57432",N,miles
640,Matthew Cox,065-81-6376,"790 Daniel Pike Apt. 314
South Ralph, PA 23780",N,hours
641,Cody Obrien,613-80-1654,"8852 Karen Canyon
New Allisonton, IA 24079",Y,hours
642,Joshua Wagner,587-88-2601,"281 Karen Underpass Apt. 266
Evansburgh, WV 82599",Y,miles
643,Maria Ford,858-35-7366,"14691 Moore Walks Apt. 557
Rogersville, CT 76566",Y,miles
644,Tanya Gordon,676-01-5635,"11209 Ashley Neck Apt. 746
Vasquezville, NH 31805",Y,hours
645,Keith Perez,616-54-7752,"53939 Williams Port Suite 496
Jameston, NC 06721",N,miles
646,Mrs. Suzanne White,718-66-2570,"9141 Russell Skyway
Johnsonburgh, MO 82059",N,miles
647,Robert Silva,731-71-3772,"26911 Nguyen Pike
Atkinsmouth, SC 49642",N,hours
648,Jessica Cruz,349-80-6087,"0804 Jamie Drives Suite 743
Taraport, MO 42473",Y,hours
649,Greg Scott,015-03-6169,"786 Holloway Alley Apt. 087
Williamsside, MD 51958",N,hours
650,Leah Lopez,534-21-1112,"USCGC King
FPO AP 64735",N,hours
651,Brittney Singh,197-05-4735,"399 Scott Port Apt. 907
Port Benjamin, PW 80023",N,hours
652,Kyle Holder,840-67-2925,"6267 David Drive Apt. 731
West Richard, ME 15432",Y,miles
653,Jerome Walker,202-99-9791,"902 Michael Viaduct
New Hayley, VT 87121",Y,miles
654,Ana Hernandez,196-41-4354,"78859 Anthony Way Apt. 221
Edwinburgh, CT 89168",Y,hours
655,Gabrielle Vang,298-75-3912,"679 Gonzalez Port
North Kimberly, NE 87910",N,miles
656,Joyce Richardson,210-40-8551,"935 Rodriguez Flat Apt. 814
Stephanieborough, MO 93117",N,miles
657,Chad Gaines,416-90-6149,"14509 Andrea Drive
Lisamouth, MT 29162",Y,hours
658,William Wells,593-09-0150,"892 Amy Shoals
Michellemouth, NY 86194",Y,hours
659,Jay Curtis,090-79-8305,"871 Emily Rapids
Lewishaven, IA 18398",Y,miles
660,Elizabeth Cook,198-96-5834,"56261 Dan Freeway Apt. 145
Lake Justinfurt, IN 79653",N,miles
661,Amanda Vincent,002-38-9490,"90692 Chad Spur Apt. 254
North Kimberly, VA 05347",N,miles
662,Charles Thompson,676-12-4039,"205 Anderson Mews
Katieview, MN 08966",N,miles
663,Patricia Rios,275-97-9245,"1800 Hernandez Orchard Suite 580
West Shawnberg, IN 19878",Y,miles
664,Stacey Morris,732-27-5006,"888 Phillips Tunnel Suite 522
Davisview, SC 25094",Y,miles
665,Theresa Kim,453-37-6153,"99189 Vega Forges Suite 949
Stephaniechester, MD 40855",Y,miles
666,Alice Harris,284-69-3884,"619 Melanie Highway
Nicolasmouth, LA 28365",Y,miles
667,Elizabeth Morales,427-89-4287,"70885 Kennedy Camp
Anthonyborough, PA 28816",N,miles
668,Duane Foley,631-16-1155,"89418 Emily Plaza Suite 442
Lindaside, CA 61420",Y,hours
669,Tracey Sanchez,726-55-0410,"PSC 0759, Box 3425
APO AA 01603",Y,miles
670,Alicia Garrett,544-98-1824,"7807 Nicole Cape
Justinland, OH 87045",N,hours
671,Taylor Mosley,021-18-2680,"7514 Richardson Rapids Suite 158
West Kristinville, MH 86722",Y,hours
672,Christian Adams MD,522-46-6571,"915 Hanson Stream Apt. 470
Saraview, MP 69835",N,hours
673,Shawn Nelson,199-56-4842,"89984 Charles Rapids Suite 588
Ramirezville, NV 45272",N,hours
674,Jamie Jackson,027-04-0232,"616 Lewis Roads
North Stevenberg, AK 74526",Y,miles
675,Alexander Anthony,229-28-8040,"6979 Daniel Land
Leslieview, UT 27858",Y,hours
676,Katrina Brandt,627-61-4960,"8316 Thomas Mountains
East Brent, NM 34983",N,miles
677,Lori Davis,653-43-8938,"7924 Meredith Lakes Apt. 974
South Patrick, WA 29812",Y,hours
678,Christopher Fleming,527-59-3068,"PSC 3059, Box 1667
APO AP 82875",Y,hours
679,Philip Wise,423-18-7180,"36202 Mcconnell Views
Lake Michelle, KY 06207",Y,miles
680,Michael Hamilton,766-17-0210,"6674 Julia Freeway Apt. 960
Reynoldsfort, PR 81478",N,hours
681,Melissa Patrick MD,318-07-2535,"41180 Mary Rest Suite 066
Spencershire, UT 53128",Y,hours
682,Deborah Chen,358-19-6493,"23403 John Inlet Suite 124
Jordanberg, WA 82737",Y,hours
683,Monica Reynolds,164-54-9414,"846 Anna Road Apt. 277
Pachecofurt, AS 63579",N,hours
684,Joshua Stafford,158-74-1764,"5955 Jeremy Burgs
North Autumn, CA 12212",Y,miles
685,Eric Brooks,790-15-3544,"02536 Jones Extension
Timothyland, UT 14739",N,hours
686,Joshua Gray,245-76-7293,"9336 Buckley Valleys
Wagnerfort, TX 77975",N,miles
687,Bruce Velasquez,452-06-3755,"83621 Jesse Knoll
Danielleburgh, AS 19224",N,miles
688,Jill Farmer,751-56-1117,"502 Crystal Spur Suite 003
South Joanna, CO 50906",N,miles
689,Jeffrey Roy Jr.,437-69-3099,"96289 Gill Valleys
West Courtneyside, TX 89241",Y,hours
690,Jerry Villanueva,627-21-3026,"92602 Acevedo Plain
Bridgesstad, NV 96319",N,hours
691,Francisco Fox,881-89-3861,"145 Stewart Springs
North Baileyburgh, AK 85854",N,miles
692,Adam Martin,041-86-1051,"467 Lisa Land Suite 222
North John, CA 71415",N,miles
693,Fernando Sullivan,023-07-1004,"0188 Michael Stravenue Suite 164
Smithmouth, IL 39238",N,hours
694,Diane Alvarado,358-41-9749,"3604 Tanner Spurs Apt. 878
South Lee, MA 72774",Y,hours
695,Tonya Taylor,746-06-5240,"2668 James Shoals Apt. 461
Port Crystal, TN 88553",Y,miles
696,Melissa James,786-42-3582,"84389 Jennifer Court
Lake Lynnport, NC 56155",Y,miles
697,Daniel Black,120-50-7645,"173 Leon Curve Suite 598
Reedtown, GA 61338",N,miles
698,Anna Miller,040-87-8163,"3642 Erica Forest
Kimberlyhaven, ND 65722",N,miles
699,Emily Chapman,424-20-4042,"5673 Clark Rapid
New Emilyborough, MA 33947",N,hours
700,Pamela Roberts,516-62-0486,"USS Cole
FPO AE 44595",N,miles
701,Heather Guzman,037-74-1586,"8627 Vernon Squares Apt. 684
Jamesshire, IL 24424",N,miles
702,Nicholas Yang,071-48-1877,"794 Alyssa Shoal
Rachaelhaven, VA 34210",Y,miles
703,Debra Page,682-96-2913,"42890 Tracy Causeway
East Regina, ME 86810",Y,hours
704,Johnathan Scott,045-47-3899,"Unit 4937 Box 5346
DPO AP 07844",N,hours
705,Rebecca Ramirez,109-95-9329,"9629 Patricia Trace Apt. 273
Toddfort, KY 54498",Y,miles
706,Linda Jones,134-69-8601,"015 Allison Bridge Suite 124
Wattsland, NJ 64676",N,miles
707,Theresa Pham,887-77-2644,"31832 Ortega Knoll Suite 447
South Rosehaven, VI 60473",N,miles
708,Charles Lopez,281-86-5719,"231 Cameron Center Suite 831
Kevinmouth, FL 14971",Y,miles
709,Darren Cummings,808-05-1022,"248 Rangel Center
Port Kimberly, NE 23809",Y,hours
710,Bruce Watson,041-41-7122,"230 Cassidy Stream Suite 089
South John, VA 78845",N,miles
711,Michael Young,222-28-8600,"403 Gamble Highway Apt. 167
Samanthaside, WY 45855",N,miles
712,Matthew Bowman,009-09-4687,"0396 Johnson Rapids Apt. 453
West Christine, MD 74968",Y,miles
713,Kimberly Guerrero,696-02-1503,"95722 Christopher Dam
Pamelafort, HI 00665",Y,hours
714,Anne Brown,114-34-8091,"489 Hall Burgs
Shaunland, PW 42902",Y,hours
715,Linda Brown,276-51-8372,"149 Kelly Summit Suite 612
West Jared, ME 43830",Y,hours
716,Catherine Love,851-54-4774,"090 Laura Cape
Burnsport, GU 61940",Y,hours
717,Roberta Perez,647-76-9057,"301 Rocha Dale
Greenview, AR 11125",Y,miles
718,Vanessa Aguirre,836-22-3405,"7502 Matthew Branch
Lake Charlesland, GA 52002",N,miles
719,Brian Cox,632-46-3996,"81699 Hammond Cape
Richardfort, PR 13062",Y,hours
720,Bradley Strickland,408-25-4968,"94245 Cole Camp
Lake Matthewstad, CA 85050",N,hours
721,Joshua Parker,551-16-6176,"57288 Conway Station
New Michelle, DE 58887",N,miles
722,Becky Abbott,658-24-6956,"03636 Sonia Parkway Suite 438
South Barbara, MO 49155",Y,miles
723,Mark Williams,022-59-3078,"052 Tiffany Key
South Heather, AR 87889",N,miles
724,Leslie Murillo,758-27-0442,"9965 Ray Bypass
North Kevin, MH 85468",N,miles
725,Anna Vance,587-56-0066,"029 Debra Junctions
Smithton, MI 20364",Y,miles
726,Laura Brown,088-36-5627,"95973 Erin Inlet
West Nicoleland, MD 93205",N,miles
727,Dr. Joseph Hardy,056-37-4284,"3049 Choi Path Apt. 539
Jonesville, NE 18059",N,hours
728,Scott Henderson,243-90-9932,"63841 Reynolds Walk Apt. 505
West Lisa, MO 90626",N,miles
729,Charles Blackburn,058-97-4252,"USCGC Mills
FPO AP 37810",N,miles
730,Elizabeth Gardner,507-09-3822,"14110 Vincent Village Suite 002
Neiltown, OR 23348",Y,hours
731,Teresa Johnson,818-14-6977,"74209 Gerald Gardens Suite 104
North Adrian, NC 17669",Y,hours
732,Christopher Morgan,838-38-2068,"81900 Debra Port Apt. 646
Heatherburgh, GU 34770",N,hours
733,Richard West,858-19-9229,"533 Dana Mountain
New Jeffrey, NY 42927",N,hours
734,Amanda Fletcher,002-19-9179,"810 Gonzalez Park Suite 747
New Timothyborough, ND 43248",Y,hours
735,Julie Vasquez,104-90-8519,"7293 Mariah Key
Pachecotown, NM 91561",N,miles
736,Jim Archer,008-42-4957,"8967 Walker Park
Willishaven, FM 98456",N,hours
737,Christopher Smith,623-79-0133,"78341 Soto Row
Jeffhaven, ME 81137",N,hours
738,Paul Greer,424-51-9422,"3845 Aaron Turnpike
West Patricia, VA 57806",N,hours
739,Tammy Robinson,147-49-1718,"USS Barr
FPO AA 34682",Y,hours
740,Russell Rodriguez,728-78-1657,"972 Katherine Route
Gordonmouth, AZ 99805",Y,miles
741,Isaiah Barnes,626-24-8803,"Unit 5699 Box 6970
DPO AA 91833",Y,miles
742,Debra Black,188-51-9354,"216 Stewart Ville
Loweton, OK 01102",N,miles
743,Tracey Olson,064-92-1105,"0930 Jacob Squares
Amberhaven, NJ 80048",N,miles
744,Amber Stuart,007-96-5022,"74750 Emma Cove
Garcialand, ND 03863",N,miles
745,Brandon Barnett,205-34-6482,"2359 Russell Trafficway Apt. 340
Peckview, CA 13878",Y,hours
746,Douglas Anderson,325-02-6893,"6628 Miller Branch
Leeburgh, MI 55876",Y,hours
747,Emily Myers,606-28-6642,"11004 Douglas Villages
Port Kathleenburgh, FM 83132",N,hours
748,Richard Graham,761-93-3203,"512 Brandon Street
North Joseph, VI 05247",Y,hours
749,Crystal Collins,786-60-0913,"Unit 2127 Box 8044
DPO AE 40748",Y,hours
750,Tiffany Moore,682-88-9399,"479 Brian Mountains Apt. 084
South Matthewfort, AS 24791",N,miles
751,Mr. John Lopez,409-93-6510,"PSC 9181, Box 6471
APO AA 70985",N,hours
752,Lauren Yates,335-42-6505,"48273 Williams Village Apt. 013
East Daniel, IL 78241",N,miles
753,Leah Bird,744-69-7667,"081 Amy Stravenue
Lindafurt, NH 82363",Y,miles
754,Erin Lopez,291-39-2970,"9327 Johnson Ridge
West Michelleton, PR 63116",N,miles
755,Gabrielle Church,098-26-5965,"655 Lindsay Corners Apt. 797
Lake Kaylabury, CT 82775",N,hours
756,Caitlyn Sanchez,401-27-3731,"3754 Morris Squares Apt. 285
Lake Tiffanybury, AL 77841",N,miles
757,Charles Knox,669-01-8541,"7418 Stone Gateway
South Brettburgh, ME 32238",Y,hours
758,Jenna Young,454-70-5126,"62356 Brooke Port Suite 146
Chavezshire, IL 38248",N,hours
759,Ronald Green,502-54-4482,"6172 Walker Overpass
Bondtown, OR 19147",N,hours
760,Tracy Maxwell,015-24-7148,"6579 Sanchez Extensions Suite 873
Robertmouth, CA 04852",N,hours
761,Mr. Michael Nash,480-88-3367,"833 Joshua Centers Suite 168
East Mary, IL 62000",N,hours
762,Cindy Barnett,749-73-8741,"70951 Toni Manor Suite 352
South Morganside, MP 68945",Y,miles
763,Mr. Jorge Duncan,269-15-2005,"06301 French Grove Suite 380
Barbaraside, PR 22073",N,miles
764,Philip Jackson,792-69-1189,"47054 Farrell Corner
South Yvonneborough, MN 71545",N,miles
765,Richard Ray,271-39-4088,"033 Alexander Burg
Port Margaret, DE 89599",N,hours
766,Jason Martinez,438-23-2123,"6381 Alicia Centers Suite 810
Morganfort, ND 26060",N,hours
767,Kyle Robertson,297-51-1528,"268 Ferguson Mountain Suite 327
South Vanessachester, PA 66873",N,hours
768,Edward Moore,163-54-9745,"USCGC Johnson
FPO AP 77316",N,miles
769,Curtis Todd,527-46-3770,"USCGC Gillespie
FPO AP 55809",Y,hours
770,Hunter Brown,535-61-3993,"99595 Roy Lake Suite 151
Gabrielshire, IN 17906",N,miles
771,Heather Bradley,526-56-3023,"Unit 6507 Box 5055
DPO AP 90288",N,miles
772,John Moore,133-59-0805,"36935 Moore Squares Apt. 067
North Alan, MD 52435",N,miles
773,Michelle Garza,378-68-5038,"60541 Scott Street
Westland, PR 67569",N,hours
774,Christina Cain,007-72-7656,"Unit 8087 Box 1129
DPO AE 33968",N,hours
775,Emily Grimes MD,465-73-1357,"Unit 3397 Box 9863
DPO AE 98427",N,hours
776,Chelsea Holder,202-97-4950,"818 Moore Overpass
East Kaitlyn, HI 81766",Y,hours
777,Rachel Bell,694-32-7170,"238 Sara Islands
West Timothyfurt, PA 09213",N,miles
778,Sara Murray,098-31-0456,"264 Flowers Ferry Apt. 444
East Justinbury, MN 87235",N,miles
779,Mr. Matthew Sweeney,296-72-9076,"086 Jacob Meadows Suite 066
Ericshire, HI 66087",Y,miles
780,Danny Bell,141-83-7340,"PSC 8886, Box 0137
APO AP 92466",Y,miles
781,Monica Burch,632-31-0596,"918 Anderson Mountains Apt. 992
Mooretown, MO 42347",N,miles
782,Dominique Coleman,042-83-2942,"68782 Rodriguez Forest Apt. 886
Dominiqueberg, IN 60154",N,hours
783,Stephen Walker,681-92-4168,"54910 Matthew Union Suite 431
Paulaland, WA 52535",N,hours
784,Claire Rodriguez,860-54-0990,"4811 Dennis Village
East Johnport, WI 49474",N,miles
785,William Boyer,186-19-6316,"347 Hughes Plaza Suite 861
New Nicole, FL 32834",Y,miles
786,Derek Johnson,367-79-2783,"USS Doyle
FPO AP 10944",N,miles
787,Jonathan Hamilton,825-62-8178,"975 Jacob Island Suite 541
Belltown, MT 95836",N,miles
788,Melissa Howard,074-82-7824,"USCGC Stuart
FPO AP 70636",N,hours
789,Evelyn Kelley,842-36-9858,"422 Sandra Station Apt. 191
South Brookemouth, MS 92331",Y,hours
790,Mr. Carlos Perez,257-40-8416,"157 Martin Curve
Stephenmouth, MS 41908",Y,miles
791,Matthew Chang,893-56-0062,"648 Bates Stream Apt. 075
Marshview, MD 97064",N,miles
792,Miss Ruth Gonzalez,335-99-1133,"Unit 8252 Box 7628
DPO AP 70119",Y,hours
793,Aaron Fuller,111-29-4841,"4944 Ramirez Rue Apt. 765
Bushside, NH 29848",Y,miles
794,Jeffrey Smith,879-10-2134,"19001 Gary Station
North Deannaberg, WI 03474",Y,miles
795,Robert Ramos,617-28-7939,"032 Smith Hills
Roseton, AZ 46761",Y,miles
796,Reginald Moore,206-77-0138,"6135 Stephenson Manors
Martinezmouth, HI 05835",N,miles
797,Robert Copeland,250-34-5949,"481 John Stream Apt. 965
New Janet, MA 04195",Y,hours
798,Willie Chang,232-77-1970,"7187 Patricia Bridge Apt. 637
Walterfurt, PW 90459",Y,hours
799,Jared Mcknight,245-80-6187,"13301 Osborne Trail
Rachelfort, NJ 38358",Y,miles
800,Patrick Mendoza,234-79-8942,"Unit 0843 Box 9060
DPO AE 67082",N,hours
801,Richard Hart,536-17-4458,"44383 Rodriguez Port
Hernandezport, UT 94527",N,hours
802,Emily Reyes,027-34-7761,"44098 Fitzgerald Fall Suite 556
East Ashlee, ID 86565",N,hours
803,Cheryl Krueger,445-81-7358,"955 Andrea Locks Apt. 868
Rayton, SC 95329",N,miles
804,George Brown,270-80-4815,"2802 Lee Via
West Donaldton, AL 58949",N,hours
805,Robert Nguyen,087-82-8427,"8357 Zachary Walk
Port Kara, MP 21504",Y,miles
806,Patrick Santiago,247-94-1864,"899 Lawrence Loaf
West Frank, FL 08994",N,miles
807,Jason Moore,353-07-6560,"6334 Cantu Rue
North Katherinefurt, KS 10476",N,miles
808,Lori Morton,256-36-8206,"15303 Rivas Overpass
New Melissa, IN 03002",Y,miles
809,Jeffrey Ramos,674-46-5159,"984 Wanda Union
Riversfort, AR 48265",Y,miles
810,Rachel Newton MD,634-77-7856,"291 White Ranch Apt. 006
Wilsonburgh, MS 69044",Y,hours
811,Nicholas White,241-71-8144,"PSC 7966, Box 7486
APO AA 59173",N,hours
812,John Cook,506-13-0690,"0083 Chris Springs Suite 656
Lake Shannon, PR 22069",N,hours
813,Jesse Mendez,497-45-7408,"054 Manuel Summit
Timothyville, MI 73303",N,hours
814,Michael Davis,429-37-7917,"23508 Jenkins Fields Apt. 172
Crystalton, MP 03330",N,hours
815,Sarah Goodwin,337-57-3325,"67967 Ayala Prairie Suite 043
Bernardfurt, MS 57900",Y,miles
816,Janet Garrett,049-89-1135,"510 Edward Trafficway
Karenchester, WV 21769",N,hours
817,Kevin Kelly,038-52-0741,"Unit 8279 Box 7927
DPO AP 67307",N,hours
818,Mr. Michael Brown,670-41-0740,"1569 Corey Wall Suite 924
New Deborah, CO 48500",N,miles
819,Kevin Thompson,381-56-9655,"74539 Denise Road Apt. 357
New Angela, NC 47565",N,miles
820,Courtney Johnson,301-71-2735,"479 Sara Underpass
South Tammyhaven, HI 04613",N,hours
821,Carolyn Diaz,180-33-7966,"65188 Thompson Mountains Suite 248
North Julie, NV 49834",Y,miles
822,Melissa Green,188-23-1151,"76964 Valerie Bridge Apt. 701
South Barbaramouth, KY 58248",N,hours
823,Daniel Jackson,256-81-8512,"40281 Debbie Meadow
Lake Steve, OR 25650",Y,hours
824,John Contreras,401-43-8543,"1487 Sonya Plains Suite 152
South Andrew, VA 61592",Y,hours
825,Matthew Knox,344-08-9341,"95278 Carr Glens
East Aaron, CO 80859",Y,miles
826,Devin Reed,227-68-2678,"583 Taylor Junctions
Port Johnberg, WV 53733",Y,hours
827,Gregory Anderson,180-82-3447,"84410 Zachary Spurs
West Lisa, WI 71939",Y,miles
828,David Riley,830-90-0878,"8644 Karen Trafficway Suite 822
Lake Chase, PR 17779",N,miles
829,Laurie Baird,643-88-2089,"29796 Angela Crossroad Apt. 263
West Mckenzietown, LA 82698",Y,miles
830,Joshua Butler,214-42-4767,"1428 Joshua Alley Apt. 154
South Shane, RI 73157",N,miles
831,Jessica Trujillo,600-09-5113,"1653 Sydney Tunnel
Jadefurt, PR 88912",Y,hours
832,Mark Price,067-04-1209,"12334 Schaefer Mall Apt. 523
Andersonberg, MS 09202",N,hours
833,Denise Hernandez,799-96-4277,"Unit 0538 Box 6851
DPO AA 69146",Y,miles
834,Xavier Montoya,273-57-1079,"USNS Lutz
FPO AE 37585",Y,miles
835,Brian Schultz,123-15-6155,"5718 Andrade Mill
New Jeff, WV 70256",N,miles
836,Haley Walker,454-10-5393,"USS Singleton
FPO AA 08228",N,miles
837,Michael Oconnell,508-50-7921,"Unit 5008 Box 9759
DPO AE 78325",N,hours
838,Heidi Guerra,818-66-5879,"USCGC Roberts
FPO AP 83069",Y,hours
839,Joseph Martin,805-59-1938,"448 Kim Summit Apt. 260
Figueroaside, WA 43842",N,miles
840,Vincent Davis,187-53-4732,"1358 Brown Plains
Millerton, AK 75628",Y,miles
841,Linda Sanford DDS,771-89-5635,"06009 Robinson Motorway Suite 206
Lake Justin, WV 56952",Y,miles
842,Michael Harmon,315-69-3308,"1941 Brady Underpass
Port Reginald, MN 11563",Y,miles
843,Danielle Hodges,845-77-1371,"5604 Darren Plaza
Robertsonbury, TX 25333",Y,miles
844,Tammy Harrison,425-65-1659,"9280 Nicholas Circle
Brookshaven, VT 17878",Y,hours
845,Scott Wood,759-36-4293,"PSC 7364, Box 4385
APO AP 60544",Y,miles
846,Jesse Odom,428-94-8108,"8253 Alan Mission Apt. 331
North Johnbury, MD 24873",Y,miles
847,Edward Murphy PhD,759-76-1786,"500 Boyer Inlet
Phillipsside, MI 93649",N,miles
848,Justin Morales,111-92-2576,"0417 Cameron Estates Apt. 270
Brookechester, GA 59674",Y,miles
849,Michelle Bradford,628-07-0072,"250 Johnson Stream
Jonesbury, AS 63950",Y,miles
850,John Henry,173-48-8243,"735 Kelly Vista
Lake Vanessabury, OH 41737",Y,miles
851,Timothy Cherry,375-61-6282,"9119 Wilson Plaza
Brandonshire, AZ 53172",N,miles
852,Rose Freeman,664-58-9953,"5570 Christian Station Suite 116
South Marilyn, AZ 10783",N,miles
853,Anthony Stout,219-54-8220,"52190 Heather Ferry Suite 561
East Jaimeshire, OR 92264",Y,miles
854,Charles Cherry MD,119-79-0987,"1212 Cooper Courts Apt. 903
Austinland, FL 72830",Y,hours
855,Brandon Stokes,826-27-1512,"41410 Angie Ports Suite 821
West Robert, OR 37869",Y,miles
856,Abigail Adams,456-15-1414,"51204 Larry Landing
West Paul, PA 87939",Y,miles
857,Danny Blackwell,003-28-1453,"730 Barrera Pine
Lopezland, AR 81761",N,hours
858,Lauren Edwards,766-61-1863,"186 Jennifer Centers
Wendyburgh, ID 53581",Y,miles
859,Justin Mendez,769-68-4263,"053 Bartlett Fork
New Meghan, MD 07602",Y,miles
860,Mrs. Shirley Monroe DVM,805-81-7343,"640 Bond Forges
Jacobville, PW 36622",N,hours
861,Kathleen Velazquez,588-38-2471,"7325 Yvette Pike Suite 609
Stantonshire, TN 33141",N,miles
862,Amanda Moore,076-10-5364,"PSC 0308, Box 4442
APO AA 18111",Y,miles
863,Ricky Bruce,750-57-1257,"5466 Stephanie Point
West Logan, IN 88270",Y,hours
864,Jennifer Dalton,886-74-0004,"901 Christopher Motorway Apt. 328
Port Emily, MO 00589",Y,hours
865,Debra Page,521-99-9901,"313 Gonzalez Walks Suite 549
Davisstad, OH 49098",N,miles
866,Richard Alvarado,048-90-4832,"49405 Fields Junction Suite 525
Port Todd, MI 40460",Y,hours
867,Brian Estrada,879-99-5254,"811 Amanda Port Suite 227
Millerberg, NE 22894",Y,miles
868,Tammy Guerra,459-56-6309,"1875 Sue Bridge
Allenmouth, AR 20127",N,hours
869,Tammy Freeman,541-69-2451,"USNS Gardner
FPO AP 02928",N,hours
870,Jeanette Perry,693-44-6795,"426 Manning Knolls
Lawrencebury, WA 30428",N,miles
871,Ricardo Adams,122-77-8234,"PSC 0323, Box 4097
APO AP 33536",Y,miles
872,William Drake,849-21-6695,"7122 Peterson Station
Lisaville, MH 72449",Y,hours
873,David Miller,254-85-2888,"362 Sullivan Passage Suite 994
Lake Miguelbury, CO 47425",N,miles
874,Angela Davis,526-29-1247,"23592 Eric Stream Suite 079
Reidbury, RI 89346",N,hours
875,Karen Martin,511-49-9408,"2451 Davis Gardens Suite 901
Benjaminbury, AK 26010",N,hours
876,Heather Joseph,384-85-0778,"299 Jacqueline Trail
South Kaylafort, MT 37608",N,miles
877,Jessica Washington,857-94-7014,"646 Rodney Unions Apt. 298
East Shelbyshire, WY 38167",Y,miles
878,Terry Washington,120-31-0111,"Unit 2806 Box 4558
DPO AE 87043",Y,miles
879,Amy Harvey,178-44-4749,"771 Jamie Landing
East Jessicamouth, PW 69504",N,hours
880,Kathy Werner,208-87-5647,"4081 Torres Ville
North Melissa, ID 77595",Y,hours
881,Adam Castro DDS,681-51-0334,"16556 Ross Views
Nathanielbury, MI 82190",Y,miles
882,Adrian Carter,191-79-6300,"906 Tanya Via
New Jeremyside, KS 73649",Y,miles
883,Devon Palmer,671-64-9748,"134 Matthew Lodge
Smithside, MH 81118",N,miles
884,Tonya Morales,218-82-6391,"4480 Swanson Bridge Suite 912
West Dennisstad, GU 31355",Y,miles
885,Jason Santos,759-74-4637,"2815 Lauren Camp Apt. 248
Floresland, CO 91421",Y,hours
886,Elizabeth Peterson,460-33-9503,"198 Landry Mountain Suite 090
New Kimberlyfort, TN 55406",N,miles
887,Julie Esparza,128-56-2582,"9913 Rebecca Knoll Apt. 076
Lake Lauraton, AL 53035",N,miles
888,Angelica Wells,712-25-8762,"925 Tyler Oval Suite 015
North Richard, MS 30229",N,miles
889,Heather Evans,827-64-6061,"4517 Chapman Haven
East Kimberlytown, NC 26053",N,hours
890,Kendra Larson,530-04-2370,"2565 Schmitt Lakes
Port Jack, IL 87262",N,hours
891,Lindsey Jensen,417-91-0554,"6894 Smith Summit
Garciatown, LA 24346",Y,hours
892,Jennifer Kelley,301-06-0325,"659 Jessica Villages
New Tamaraburgh, AZ 77522",N,hours
893,Grant Jones,612-41-2814,"025 Mills Manor Suite 872
Moonhaven, DE 45358",N,hours
894,Valerie Jones,239-07-7886,"PSC 5079, Box 5043
APO AP 27317",N,miles
895,Jennifer Norton,686-84-4196,"4335 Charles Roads Apt. 922
Bookerside, GU 67732",Y,miles
896,Cathy Brown,642-05-2850,"7196 Perez Courts
Collinsview, KS 66727",N,hours
897,Barbara Baird,483-12-8378,"5644 Ross Brooks Apt. 453
Patriciaburgh, WI 65306",N,hours
898,Antonio Vance,783-53-6119,"5789 James Corners
Lake Crystalmouth, SC 67596",Y,miles
899,Ricky Casey,780-22-2633,"PSC 4950, Box 9847
APO AA 41573",Y,hours
900,John Martinez,692-04-0249,"656 Heath Valleys
Lake Douglas, RI 47680",N,miles
901,Sally Liu,122-40-0267,"08425 Green Unions
West Scottfurt, NJ 24543",Y,hours
902,Ryan Anderson,600-29-7286,"09966 Yoder Port
South Mariah, VI 39710",N,miles
903,Kaitlin Cannon,880-14-3969,"896 Dennis Throughway
Shelbyburgh, KY 53741",Y,miles
904,Jennifer Strong,511-48-2780,"2188 Price Lane
Port Kathleen, TN 18237",Y,hours
905,Charlotte Martin,222-38-2530,"4309 Danielle Mills
Bruceberg, AZ 37045",N,miles
906,Kelly Gamble,316-80-3499,"27864 Flynn Ways
Lake Samanthaborough, MH 68708",Y,hours
907,Nancy Miller,484-55-3902,"49328 Austin Hills
Russellfort, SC 23965",N,hours
908,Stephen Jones,854-74-5108,"USNS Schmidt
FPO AA 71709",Y,hours
909,Kimberly Brewer,499-91-5055,"12794 John Ridges
New Sarah, NE 82787",Y,miles
910,Gabriel Green,455-29-8348,"704 Andres Spring Apt. 649
Sarahaven, NM 13340",Y,hours
911,Monica Gutierrez,639-89-2528,"13761 Kara Haven
New Sarah, DE 75427",Y,miles
912,Tracy Jackson,521-61-9050,"USNS Gentry
FPO AA 26088",Y,miles
913,Brian Paul,794-49-9537,"4478 Williams Causeway Suite 597
Leehaven, AK 83007",Y,hours
914,Perry Carr,776-33-9807,"9944 Robert Mount
Davisport, CA 84661",N,miles
915,Joseph Love,565-97-1223,"60800 Kenneth Via Apt. 991
New Brittneyfort, ME 96186",Y,hours
916,Tanner Mullen,536-86-1971,"98372 Wright Road Apt. 780
Stuartburgh, SD 87130",N,miles
917,Kelsey Jensen,697-38-8853,"296 Lauren Passage Apt. 635
Tammyville, TX 22104",N,miles
918,Duane Christian,608-28-6478,"438 Charles Roads
Angelafort, TX 12202",Y,hours
919,Jaime Johnson,074-10-1734,"7946 Michael Ports Apt. 825
Weaverview, WA 11983",Y,hours
920,David Fox,793-79-6811,"0124 Alejandro Causeway Suite 388
Hannahtown, AR 90244",N,miles
921,Shane Stevenson,828-11-7139,"155 Ryan Manors Suite 425
North Craigland, MI 02787",N,hours
922,Christina Wells,669-33-9439,"43691 Mark Field
Christopherside, DC 90875",Y,hours
923,Roy Hancock,884-96-9043,"519 Cobb Mission Suite 410
Ericstad, NY 10764",N,hours
924,Peter Hall,512-59-1844,"4761 Hanson Ville Apt. 756
Kathyside, NM 58202",Y,miles
925,Judith Burns,496-28-0790,"6244 Marshall Groves Suite 023
North Thomas, AZ 27901",N,miles
926,Emily Jones,639-56-0644,"7730 Nathan Forks Suite 482
Sarahhaven, NJ 66156",N,miles
927,George Thornton,009-14-7126,"USS Huang
FPO AE 70827",Y,miles
928,Amber Yates,593-10-5983,"51314 Trevor Canyon Suite 227
Kellyberg, MI 28264",Y,hours
929,Tina Henderson,555-46-8205,"7814 Michael Courts
South Sabrinashire, NJ 94057",Y,hours
930,Nicole Harris,276-42-4828,"40357 Brian Plaza
Fryport, VI 35448",N,miles
931,Martin Bates,867-10-6049,"942 Hicks Estate
North Stephenfort, GU 65258",N,hours
932,Kyle Watson,008-53-4577,"USS Reed
FPO AP 37722",N,hours
933,Christopher Ford,822-16-8198,"38235 Thomas Squares
New Jill, OH 66206",N,miles
934,David Rice,440-35-4304,"6238 Johnson Fort Apt. 479
West Kaitlyn, MT 51782",N,miles
935,Sarah Wilkinson,426-33-5551,"489 Barker Lake Apt. 003
Perryport, DE 38788",N,miles
936,Jose Morris,654-71-3742,"2018 Lara Hills
Lake Elizabeth, DE 47148",N,miles
937,Melinda Best,135-85-7934,"PSC 1473, Box 4101
APO AE 56711",Y,hours
938,Jessica Smith,449-86-6323,"215 Mccoy Mountains
Port Andrewside, FL 67483",Y,hours
939,Samantha Navarro,170-49-9406,"82449 Bonnie Lodge Apt. 160
Walkerland, FL 22483",Y,hours
940,Danielle Ferrell,146-43-0270,"322 Scott Crest Suite 206
Bellside, FL 32790",N,miles
941,Stephanie Burton,889-12-9361,"367 Johnson Glens
Cruztown, IL 19068",Y,miles
942,Melissa Cordova,209-44-8516,"45559 Edward Branch
Joshuamouth, AL 48811",N,miles
943,Brian Miller,293-74-3489,"2520 Amy Hollow Apt. 701
Kelleyview, DE 38965",Y,miles
944,Alicia Johnston,740-19-3398,"1100 Steven Fort
East Wendy, OK 98337",Y,miles
945,Robin Parker,348-12-8650,"505 Juan Mission Apt. 785
Jeffreymouth, WY 12105",N,miles
946,Kathleen Wheeler MD,306-87-3864,"8166 Briana Isle Apt. 039
Tylerland, VI 37352",N,hours
947,Alan Bates,203-14-2617,"068 Andrew Dale
Gibsonfurt, PR 88045",Y,hours
948,Brian Mahoney,131-35-5424,"0525 Ross Drive Apt. 732
Christinaland, PA 05967",Y,miles
949,Joshua Oneill,899-55-3606,"604 Brooks Valleys
South Toni, AS 68282",Y,miles
950,Dominique Mann,020-54-1347,"USNS Silva
FPO AE 17312",Y,hours
951,Cindy Shaw,605-18-4409,"USS Clark
FPO AE 20844",Y,miles
952,William Johnson,862-12-6688,"679 Thompson Burg
South Adamport, TX 94241",Y,hours
953,Michael Adams,194-37-9019,"8822 Brown Orchard Apt. 681
South Dennismouth, VI 81155",N,miles
954,Michael Rodriguez,897-06-7371,"17696 Jennifer Bridge Suite 574
South Ruthburgh, KS 17769",N,hours
955,Danielle Clark,362-08-7551,"71561 Snyder Crescent
Andreafort, WA 04054",N,hours
956,Meagan Gaines,330-49-2700,"165 Alexandra Shoals
Ramirezville, ID 15044",N,miles
957,Miss Julie Wall,332-19-5384,"67012 Jones Court
Cannonstad, NJ 31406",Y,miles
958,Joshua Smith,216-89-6402,"687 Jimmy Brook Apt. 912
Samuelfurt, DC 33634",Y,miles
959,Selena Ferguson,603-60-4002,"6789 Dean Unions
West Noah, AZ 59912",Y,miles
960,James Curry,596-41-3130,"53949 Tina Field Apt. 532
Shannonbury, MI 05707",Y,miles
961,Hannah Clay,033-68-2296,"8559 Mandy Fork Suite 278
Ortegafurt, UT 90090",N,hours
962,John Cruz,740-48-3396,"9825 Henderson Mall
Kellyfurt, NE 71999",N,miles
963,Shannon Fitzpatrick,162-59-9354,"654 Carter Mountain
Emilyshire, MN 51696",N,hours
964,Michael Griffith,178-90-7200,"USS Harrison
FPO AE 29032",N,hours
965,Veronica Schroeder,301-77-0403,"5112 Morales Wall
Josephmouth, MS 29801",Y,miles
966,Joshua Davidson,175-64-0527,"44314 Jill Island Suite 224
Woodstad, MD 13690",N,miles
967,David Vega,874-36-1866,"PSC 9573, Box 1025
APO AE 40136",N,miles
968,James Warren,360-71-4551,"PSC 8386, Box 9857
APO AE 52636",Y,miles
969,Sierra Carter,441-95-1978,"2860 Emily Ford
South Edward, LA 57916",N,miles
970,Michael White,118-38-5757,"062 Kelsey Cliff Apt. 721
New Michael, IL 90271",N,hours
971,Mary Blair,692-46-3834,"18780 Scott Pine
Lake Anitafort, GA 19071",N,miles
972,Thomas Mullins,343-86-3103,"691 Charles Route Suite 340
Jamesshire, NH 09358",Y,miles
973,Connie Gutierrez,826-36-2225,"3855 Mendez View
East Darrenhaven, NJ 36933",N,hours
974,Laura Mcclure,062-21-2843,"38135 Benjamin Estate
East Marymouth, GU 86361",Y,miles
975,Michael Cox,217-43-8181,"28437 Bailey Harbors Apt. 898
East Erica, DE 70992",N,miles
976,Kimberly Martinez,424-29-3642,"683 Robert Crest Apt. 441
Wallacestad, TN 69034",N,miles
977,Teresa Wise,475-75-2682,"39010 Bowman Expressway Suite 517
Jesseville, AS 69920",N,hours
978,Matthew Herman,777-14-3264,"USNV Gray
FPO AP 93192",Y,miles
979,Karen Murphy,066-46-9729,"88837 David Cliffs Apt. 358
New David, VT 23345",N,miles
980,Gabrielle Walker,848-71-5709,"4184 Edwards Estates Apt. 270
Hartville, MT 72830",Y,miles
981,Daniel Frank,018-04-0646,"715 Jackson Ridges
Jacobsonfort, KS 10816",Y,miles
982,Jessica Berry,625-07-1172,"8931 Melissa Gateway Suite 540
Pricestad, WI 94846",Y,hours
983,Thomas Arellano,237-65-0447,"379 Potts Expressway
Kimmouth, RI 65760",N,miles
984,Amber Wright,294-55-1482,"941 Anthony Rest
Muellerchester, NJ 66026",Y,miles
985,Rachel Hernandez,842-92-0736,"07199 Holly Square
Wellston, MP 65330",N,hours
986,Phillip Miller,261-40-4089,"131 Fisher Mission Apt. 694
Benjaminmouth, NM 36697",N,miles
987,James Chan,494-17-0463,"773 Rice Mews
West Andrea, MT 07604",Y,miles
988,Emma Rose,292-11-2259,"3573 Wu Inlet
North Jasonside, FL 04809",N,miles
989,Laura Ward,200-53-5317,"220 Kennedy Brooks Apt. 986
Eugenemouth, PR 36155",N,hours
990,Ricky Jones,544-38-6884,"15434 Lawrence Gateway Apt. 704
East Catherineton, FL 61669",Y,miles
991,Ashley Patterson,463-27-4081,"434 Patterson Freeway
Romanstad, MS 75502",N,hours
992,Joyce Stephens,848-62-0323,"USNV Floyd
FPO AE 60964",N,hours
993,Alexander Lynn,152-43-3592,"3485 Michelle Point Suite 925
North Tammie, WY 12045",N,miles
994,Jennifer Randall,298-52-5180,"936 Elizabeth Land Apt. 382
Camachoside, MH 28394",Y,hours
995,Alexander Clay,736-24-6673,"565 Lauren Village Apt. 392
Katherineborough, NH 20751",N,miles
996,Jacob Navarro,088-01-8555,"PSC 6770, Box 7730
APO AE 61792",N,miles
997,Scott Casey,208-36-0918,"568 Stokes Station
Kimberlyfurt, SD 23292",Y,hours
998,Jill Ryan,313-79-1859,"269 Jacob Shores Apt. 651
East Russell, AK 16290",Y,miles
999,Kerry Wagner,728-35-1102,"052 Michelle Fall
Port Antonioland, AK 33542",Y,miles
1000,Michael Smith,303-51-7805,"PSC 5084, Box 4899
APO AE 85018",N,hours
1001,Kristin Phillips,084-93-7579,"5784 Carlos Bypass Apt. 081
Port Regina, IN 67984",Y,miles
1002,Billy Palmer,414-39-4872,"5005 Sullivan Court Suite 752
Smithville, GA 53954",Y,hours
1003,Curtis Hill,892-43-1013,"76336 Edwards Road
Wendybury, LA 47818",N,miles
1004,Angela Lawson,157-28-6827,"5264 Quinn Radial
Alexburgh, AR 95471",Y,hours
1005,Cynthia Vaughn,121-10-3869,"32723 Jackson Mountain Apt. 853
South Loganburgh, IL 52434",Y,hours
1006,Michael Lane,562-86-0318,"USCGC Mcguire
FPO AE 63786",N,miles
1007,Thomas Sims,703-91-6405,"526 Alexandria Mission
Matthewview, RI 11525",Y,hours
1008,Carrie Gibson,236-67-7064,"810 Edwards Trail Suite 246
Danabury, GA 90914",Y,miles
1009,Anna Cisneros,301-79-5277,"Unit 3370 Box 2364
DPO AP 71082",Y,miles
